-- phpMyAdmin SQL Dump
-- version 4.8.5
-- https://www.phpmyadmin.net/
--
-- Host: 127.0.0.1:3306
-- Generation Time: 13-Abr-2022 às 23:04
-- Versão do servidor: 5.7.26
-- versão do PHP: 5.6.40

SET SQL_MODE = "NO_AUTO_VALUE_ON_ZERO";
SET AUTOCOMMIT = 0;
START TRANSACTION;
SET time_zone = "+00:00";


/*!40101 SET @OLD_CHARACTER_SET_CLIENT=@@CHARACTER_SET_CLIENT */;
/*!40101 SET @OLD_CHARACTER_SET_RESULTS=@@CHARACTER_SET_RESULTS */;
/*!40101 SET @OLD_COLLATION_CONNECTION=@@COLLATION_CONNECTION */;
/*!40101 SET NAMES utf8mb4 */;

--
-- Database: `lojavirtual`
--

-- --------------------------------------------------------

--
-- Estrutura da tabela `carrinho`
--

DROP TABLE IF EXISTS `carrinho`;
CREATE TABLE IF NOT EXISTS `carrinho` (
  `id_carrinho` int(11) NOT NULL AUTO_INCREMENT,
  `id_pedido` int(11) NOT NULL,
  `id_produto` int(11) NOT NULL,
  `valor` decimal(10,2) NOT NULL,
  `qtde` int(11) NOT NULL,
  PRIMARY KEY (`id_carrinho`)
) ENGINE=MyISAM AUTO_INCREMENT=37 DEFAULT CHARSET=latin1;

--
-- Extraindo dados da tabela `carrinho`
--

INSERT INTO `carrinho` (`id_carrinho`, `id_pedido`, `id_produto`, `valor`, `qtde`) VALUES
(34, 22, 28, '9020.00', 1),
(17, 10, 43, '6999.00', 1),
(14, 7, 23, '9100.00', 1),
(13, 6, 28, '9020.00', 1),
(33, 22, 23, '9100.00', 7),
(35, 22, 16, '4900.00', 1),
(36, 22, 24, '9010.00', 2);

-- --------------------------------------------------------

--
-- Estrutura da tabela `categoria`
--

DROP TABLE IF EXISTS `categoria`;
CREATE TABLE IF NOT EXISTS `categoria` (
  `id_categoria` int(11) NOT NULL AUTO_INCREMENT,
  `categoria` varchar(100) NOT NULL,
  `ativo_categoria` varchar(1) DEFAULT NULL,
  PRIMARY KEY (`id_categoria`)
) ENGINE=InnoDB AUTO_INCREMENT=13 DEFAULT CHARSET=latin1;

--
-- Extraindo dados da tabela `categoria`
--

INSERT INTO `categoria` (`id_categoria`, `categoria`, `ativo_categoria`) VALUES
(2, 'Tablet', 'S'),
(3, 'Hardware', 'S'),
(4, 'Periféricos', 'S'),
(5, 'Computadores', 'S'),
(6, 'Câmeras Digitais', 'S'),
(7, 'Gamer', 'S'),
(8, 'informática', 'S');

-- --------------------------------------------------------

--
-- Estrutura da tabela `cliente`
--

DROP TABLE IF EXISTS `cliente`;
CREATE TABLE IF NOT EXISTS `cliente` (
  `id_cliente` int(11) NOT NULL AUTO_INCREMENT,
  `cliente` varchar(200) NOT NULL,
  `endereco` varchar(200) DEFAULT NULL,
  `bairro` varchar(80) DEFAULT NULL,
  `cidade` varchar(60) NOT NULL,
  `uf` varchar(50) NOT NULL,
  `cep` varchar(20) NOT NULL,
  `fone` varchar(20) DEFAULT NULL,
  `email` varchar(200) DEFAULT NULL,
  `senha` varchar(60) DEFAULT NULL,
  `data_cadastro` date DEFAULT NULL,
  `ativo_cliente` varchar(1) DEFAULT NULL,
  PRIMARY KEY (`id_cliente`)
) ENGINE=InnoDB AUTO_INCREMENT=11 DEFAULT CHARSET=latin1;

--
-- Extraindo dados da tabela `cliente`
--

INSERT INTO `cliente` (`id_cliente`, `cliente`, `endereco`, `bairro`, `cidade`, `uf`, `cep`, `fone`, `email`, `senha`, `data_cadastro`, `ativo_cliente`) VALUES
(9, 'Ana', 'R BERNARDINO DE CARVALHO', '', 'Dobrada', '', '15980-000', '16981314007', 'leilsonf@gmail.com', '123', '2022-04-10', 'S'),
(10, 'LEILSON ROBERTO FRANCELINO', 'R BERNARDINO DE CARVALHO', 'Morano', 'Dobrada', 'SP', '15980-000', '16981314007', 'leilson@gmail.com', '123', '2022-04-11', 'S');

-- --------------------------------------------------------

--
-- Estrutura da tabela `fabricante`
--

DROP TABLE IF EXISTS `fabricante`;
CREATE TABLE IF NOT EXISTS `fabricante` (
  `id_fabricante` int(11) NOT NULL AUTO_INCREMENT,
  `fabricante` varchar(150) NOT NULL,
  `ativo_fabricante` varchar(1) NOT NULL,
  PRIMARY KEY (`id_fabricante`)
) ENGINE=InnoDB AUTO_INCREMENT=25 DEFAULT CHARSET=latin1;

--
-- Extraindo dados da tabela `fabricante`
--

INSERT INTO `fabricante` (`id_fabricante`, `fabricante`, `ativo_fabricante`) VALUES
(1, 'LG', 'S'),
(2, 'Motorola', 'S'),
(3, 'Apple', 'S'),
(4, 'Sony', 'S'),
(5, 'Asus', 'S'),
(6, 'Intel', 'S'),
(7, 'Samsumg', 'S'),
(8, 'Multilaser', 'S'),
(9, 'Seagate', 'S'),
(10, 'Gigabyte', 'S'),
(11, 'AverMedia', 'S'),
(12, 'Dazz', 'S'),
(13, 'Konami', 'S'),
(14, 'DT3', 'S'),
(15, 'Logitech', 'S'),
(16, 'Lenovo', 'S'),
(17, 'Epson', 'S'),
(18, 'Sony', 'S'),
(19, 'Nikon', 'S'),
(20, 'Canon', 'S'),
(21, 'Coolpix', 'S'),
(22, 'Kindle', 'S'),
(23, 'Positivo', 'S'),
(24, 'Genius', 'S');

-- --------------------------------------------------------

--
-- Estrutura da tabela `itens`
--

DROP TABLE IF EXISTS `itens`;
CREATE TABLE IF NOT EXISTS `itens` (
  `id_itens` int(11) NOT NULL AUTO_INCREMENT,
  `id_venda` int(11) DEFAULT NULL,
  `id_produto` int(11) DEFAULT NULL,
  `valor_item` decimal(10,2) NOT NULL,
  `qtde_item` int(11) NOT NULL,
  `subtotal` decimal(10,2) NOT NULL,
  PRIMARY KEY (`id_itens`)
) ENGINE=InnoDB AUTO_INCREMENT=17 DEFAULT CHARSET=latin1;

--
-- Extraindo dados da tabela `itens`
--

INSERT INTO `itens` (`id_itens`, `id_venda`, `id_produto`, `valor_item`, `qtde_item`, `subtotal`) VALUES
(1, 1, 10, '5000.00', 5000, '5000.00'),
(2, 2, 16, '4900.00', 4900, '4900.00'),
(3, 2, 21, '9200.00', 9200, '9200.00'),
(4, 3, 22, '9100.00', 9100, '9100.00'),
(5, 3, 21, '9200.00', 9200, '9200.00'),
(6, 14, 23, '9100.00', 1, '9100.00'),
(7, 15, 23, '9100.00', 1, '9100.00'),
(8, 15, 43, '6999.00', 1, '6999.00'),
(9, 16, 23, '9100.00', 1, '9100.00'),
(10, 16, 43, '6999.00', 1, '6999.00'),
(11, 17, 45, '5000.00', 1, '5000.00'),
(12, 18, 43, '6999.00', 1, '6999.00'),
(13, 19, 23, '9100.00', 2, '18200.00'),
(14, 20, 26, '9100.00', 2, '18200.00'),
(15, 21, 23, '9100.00', 1, '9100.00'),
(16, 21, 4, '9000.00', 1, '9000.00');

-- --------------------------------------------------------

--
-- Estrutura da tabela `pedido`
--

DROP TABLE IF EXISTS `pedido`;
CREATE TABLE IF NOT EXISTS `pedido` (
  `id_pedido` int(11) NOT NULL AUTO_INCREMENT,
  `id_cliente` int(11) DEFAULT NULL,
  `data_pedido` date NOT NULL,
  PRIMARY KEY (`id_pedido`)
) ENGINE=MyISAM AUTO_INCREMENT=23 DEFAULT CHARSET=latin1;

--
-- Extraindo dados da tabela `pedido`
--

INSERT INTO `pedido` (`id_pedido`, `id_cliente`, `data_pedido`) VALUES
(1, 0, '2022-04-09'),
(2, 0, '2022-04-10'),
(3, 0, '2022-04-10'),
(4, 0, '2022-04-10'),
(5, 0, '2022-04-10'),
(6, 0, '2022-04-10'),
(7, 0, '2022-04-10'),
(8, 0, '2022-04-10'),
(9, 0, '2022-04-10'),
(10, 0, '2022-04-10'),
(14, 0, '2022-04-12'),
(18, 0, '2022-04-13'),
(19, 0, '2022-04-13'),
(20, 0, '2022-04-13'),
(21, 0, '2022-04-13'),
(22, 0, '2022-04-13');

-- --------------------------------------------------------

--
-- Estrutura da tabela `produto`
--

DROP TABLE IF EXISTS `produto`;
CREATE TABLE IF NOT EXISTS `produto` (
  `id_produto` int(11) NOT NULL AUTO_INCREMENT,
  `id_categoria` int(11) NOT NULL,
  `id_subcategoria` int(11) NOT NULL,
  `id_fabricante` int(11) DEFAULT NULL,
  `produto` varchar(200) NOT NULL,
  `preco_alto` decimal(10,2) NOT NULL,
  `preco` decimal(10,2) NOT NULL,
  `descricao` text NOT NULL,
  `detalhes` text NOT NULL,
  `ativo_produto` varchar(1) NOT NULL,
  `imagem` varchar(150) DEFAULT NULL,
  `destaque` varchar(1) NOT NULL,
  PRIMARY KEY (`id_produto`)
) ENGINE=InnoDB AUTO_INCREMENT=46 DEFAULT CHARSET=latin1;

--
-- Extraindo dados da tabela `produto`
--

INSERT INTO `produto` (`id_produto`, `id_categoria`, `id_subcategoria`, `id_fabricante`, `produto`, `preco_alto`, `preco`, `descricao`, `detalhes`, `ativo_produto`, `imagem`, `destaque`) VALUES
(2, 12, 64, 2, 'Smartphone Motorola Moto G 3ª Geração Edição Especial Cabernet Dual Chip Desbloqueado Android 5.1 Tela HD 5', '10460.94', '9000.00', '<h1>Smartphone para o que der e vier</h1>\r\n\r\n<p>Prepare-se para as surpresas maravilhosas que o novo&nbsp;<strong>Moto G 3&ordf; Gera&ccedil;&atilde;o</strong>&nbsp;apresenta para voc&ecirc;: ele est&aacute; redesenhado, melhorado e mais completo!</p>\r\n\r\n<p>Com uma fant&aacute;stica configura&ccedil;&atilde;o e um design de tirar o f&ocirc;lego, ele ir&aacute; te surpreender. Da Tecnologia IPX7 de resist&ecirc;ncia &agrave; &aacute;gua &agrave; mem&oacute;ria expans&iacute;vel para cart&atilde;o Micro SD de at&eacute; 32BG, esse aparelho te deixa por dentro do que h&aacute; de mais moderno em tecnologia para Android.</p>\r\n\r\n<p>Quer saber mais? Ent&atilde;o vem com a gente e navegue pelo mundo de um dos smartphones mais queridos da&nbsp;<strong>Motorola</strong>!</p>\r\n\r\n<p>&nbsp;</p>\r\n\r\n<h3>&Agrave; prova de preocupa&ccedil;&otilde;es: o Novo Moto G n&atilde;o te deixa na m&atilde;o</h3>\r\n\r\n<p>A gente sabe que a &aacute;gua &eacute; o pior inimigo do seu smartphone. Por isso, a prote&ccedil;&atilde;o com certifica&ccedil;&atilde;o IPX7&sup1; mant&eacute;m seu aparelho seguro contra respingos e quedas acidentais na &aacute;gua.</p>\r\n\r\n<h3>Duas c&acirc;meras</h3>\r\n\r\n<p><strong>Tire fotos excepcionais:</strong>&nbsp;o flash LED duplo e a tecnologia CCT (Correlated Color Temperature) ajustam automaticamente a intensidade do flash, mesmo com pouca luz. Al&eacute;m disso, com uma c&acirc;mera frontal de 5 MP, voc&ecirc; sempre vai sair bem ao tirar uma selfie ou conversar em uma chamada de v&iacute;deo.</p>\r\n\r\n<h3>C&acirc;mera instant&acirc;nea</h3>\r\n\r\n<p><strong>N&atilde;o perca um s&oacute; momento</strong>: inicie a c&acirc;mera com dois giros do pulso. Toque em qualquer lugar da tela para tirar uma foto, fazer panor&acirc;micas ou gravar um v&iacute;deo. Em seguida, compartilhe as melhores com apenas tr&ecirc;s toques. Veja suas fotos ganharem vida em detalhes deslumbrantes na tela HD de 5 polegadas.</p>\r\n\r\n<p>&nbsp;</p>\r\n\r\n<p>&nbsp;</p>\r\n\r\n<p>&nbsp;</p>', '<p>informa&ccedil;&otilde;es t&eacute;cnicas</p>\r\n\r\n<table>\r\n	<tbody>\r\n		<tr>\r\n			<th>Marca</th>\r\n			<td>Motorola</td>\r\n		</tr>\r\n		<tr>\r\n			<th>Cor</th>\r\n			<td>Preto</td>\r\n		</tr>\r\n		<tr>\r\n			<th>Tipo de Chip</th>\r\n			<td>Micro Chip</td>\r\n		</tr>\r\n		<tr>\r\n			<th>Quantidade de Chips</th>\r\n			<td>Dual Chip</td>\r\n		</tr>\r\n		<tr>\r\n			<th>Sistema Operacional</th>\r\n			<td>Android</td>\r\n		</tr>\r\n		<tr>\r\n			<th>Processador</th>\r\n			<td>1.4GHz</td>\r\n		</tr>\r\n		<tr>\r\n			<th>Tipo de tela</th>\r\n			<td>LCD TFT</td>\r\n		</tr>\r\n		<tr>\r\n			<th>Tamanho do Display</th>\r\n			<td>5&quot;</td>\r\n		</tr>\r\n		<tr>\r\n			<th>Banda</th>\r\n			<td>GSM 850; 900; 1800; 1900 MHz; WCDMA 850; 900; 1700; 1900; 2100 MHz; LTE 700 (B28); 1700 (B4); 2600 (B7) MHz</td>\r\n		</tr>\r\n		<tr>\r\n			<th>Conectividade</th>\r\n			<td>4G</td>\r\n		</tr>\r\n		<tr>\r\n			<th>NFC</th>\r\n			<td>N&atilde;o</td>\r\n		</tr>\r\n		<tr>\r\n			<th>Mem&oacute;ria Interna</th>\r\n			<td>16GB</td>\r\n		</tr>\r\n		<tr>\r\n			<th>C&acirc;mera traseira</th>\r\n			<td>13MP</td>\r\n		</tr>\r\n		<tr>\r\n			<th>Filmadora</th>\r\n			<td>Full HD</td>\r\n		</tr>\r\n		<tr>\r\n			<th>TV</th>\r\n			<td>N&atilde;o</td>\r\n		</tr>\r\n		<tr>\r\n			<th>Expansivo at&eacute;</th>\r\n			<td>MicroSD at&eacute; 32GB</td>\r\n		</tr>\r\n		<tr>\r\n			<th>Alimenta&ccedil;&atilde;o/Tipo de bateria</th>\r\n			<td>2470 mAh</td>\r\n		</tr>\r\n		<tr>\r\n			<th>Conte&uacute;do da Embalagem</th>\r\n			<td>1 Aparelho Moto G 3&ordf; Gera&ccedil;&atilde;o 16GB Preto com Capa Cabernet; 1 Carregador de parede; 1 Fone de ouvido estereo; 1 Kit de manuais; 1 Cabo para sincronismo; 1 Capa Traseira Preta</td>\r\n		</tr>\r\n		<tr>\r\n			<th>Dimens&otilde;es aproximadas do produto - cm (AxLxP)</th>\r\n			<td>14,2x7,2x1,1cm</td>\r\n		</tr>\r\n		<tr>\r\n			<th>Peso l&iacute;q. aproximado do produto (kg)</th>\r\n			<td>150 gramas</td>\r\n		</tr>\r\n		<tr>\r\n			<th>Garantia do Fornecedor</th>\r\n			<td>12 meses</td>\r\n		</tr>\r\n		<tr>\r\n			<th>Refer&ecirc;ncia do modelo</th>\r\n			<td>XT1543CBP</td>\r\n		</tr>\r\n		<tr>\r\n			<th>Fornecedor</th>\r\n			<td>Motorola</td>\r\n		</tr>\r\n		<tr>\r\n			<th>SAC</th>\r\n			<td>Grande SP: 11 4004 4000; Demais regi&otilde;es: 0800 12 4421</td>\r\n		</tr>\r\n	</tbody>\r\n</table>', 'S', 'motog3g.jpg', 'S'),
(3, 1, 59, 5, 'Smartphone ASUS ZenFone Selfie Dual Chip Desbloqueado Android 5 Tela 5.5\" 32GB 4G 13MP - Vermelho', '10460.94', '9000.00', '<p>&nbsp;ZenFone Selfie &eacute; a combina&ccedil;&atilde;o perfeita de c&acirc;mera traseira e c&acirc;mera frontal, capaz de fotografar de diversas maneiras o mundo &agrave; sua volta. Ambas possuem 13MP e flash Dual LED Real Tone, que dar&aacute; tons mais naturais e realistas, principalmente na hora de tirar selfies. A c&acirc;mera frontal vai aposentar definitivamente o &ldquo;pau-de-selfie&rdquo;, pois possui lente grande angular de 88&ordm;, que aumenta o campo de vis&atilde;o e captura muito mais do ambiente, permitindo enquadrar mais amigos na foto. Al&eacute;m disso, tem um recurso bem legal chamado Panorama de Selfie, que aumenta o &acirc;ngulo de captura para at&eacute; 140&ordm;, permitindo enquadrar ainda mais amigos! J&aacute; a c&acirc;mera traseira, al&eacute;m de 13MP, tem grande abertura do diafragma, que captura mais luz e foco Laser, que &eacute; 2x mais r&aacute;pido que foco tradicional.</p>\r\n\r\n<p>&nbsp;</p>\r\n\r\n<p>O ZenFone Selfie &eacute; tamb&eacute;m um aparelho com aspecto fashion, com cores lindas, design&nbsp;extremamente ergon&ocirc;mico e bordas com apenas 3,9mm de espessura que proporcionam&nbsp;mais seguran&ccedil;a e controle com apenas uma m&atilde;o. A tela de 5,5 polegadas tem resolu&ccedil;&atilde;o&nbsp;Full HD com tecnologia IPS, que permite visualizar as imagens com qualidade&nbsp;impressionante em at&eacute; 178&deg; e Gorilla&reg; Glass 4, a &uacute;ltima cria&ccedil;&atilde;o da renomada Corning&reg;,&nbsp;para garantir 2x mais resist&ecirc;ncia a quedas, 2,5x menos ader&ecirc;ncia para evitar riscos e &eacute;&nbsp;85% menos propenso a quebrar&sup1;.</p>\r\n\r\n<p>&nbsp;</p>\r\n\r\n<p>Navegue com muito mais velocidade na rede 4G de at&eacute; 150Mbps&sup2;. E para garantir o&nbsp;desempenho, o ZenFone Selfie tem processador de oito n&uacute;cleos 64-bit, 3GB de mem&oacute;ria&nbsp;RAM, para utilizar muito mais aplicativos ao mesmo tempo e com mais agitilidade para&nbsp;trocar entre um e outro. Tudo isso sem consumir toda a bateria remov&iacute;vel de 3.000 mAh,&nbsp;pois tem consumo equilibrado e proporciona longas horas de uso&sup3;.&nbsp;</p>\r\n\r\n<p>&nbsp;</p>\r\n\r\n<p>&nbsp;</p>\r\n\r\n<p>&nbsp;</p>\r\n\r\n<p>&sup1; Em rela&ccedil;&atilde;o ao Corning&reg; Gorilla&reg; Glass 3. Dados fornecidos pala Corning.</p>\r\n\r\n<p>&nbsp;</p>\r\n\r\n<p>&sup2; Consulte planos de conex&otilde;es de rede m&oacute;veis com a sua operadora de telefonia celular.&nbsp;</p>\r\n\r\n<p>&nbsp;</p>\r\n\r\n<p>&sup3; A dura&ccedil;&atilde;o de bateria, assim como sua vida &uacute;til, podem variar de acordo com o modo de&nbsp;uso e ambiente onde est&aacute;.</p>', '<p>informa&ccedil;&otilde;es t&eacute;cnicas</p>\r\n\r\n<table>\r\n	<tbody>\r\n		<tr>\r\n			<th>Marca</th>\r\n			<td>ASUS</td>\r\n		</tr>\r\n		<tr>\r\n			<th>Modelo</th>\r\n			<td>ZD551KL-6C301WW</td>\r\n		</tr>\r\n		<tr>\r\n			<th>Cor</th>\r\n			<td>Vermelho</td>\r\n		</tr>\r\n		<tr>\r\n			<th>Tipo de Chip</th>\r\n			<td>Micro Chip</td>\r\n		</tr>\r\n		<tr>\r\n			<th>Quantidade de Chips</th>\r\n			<td>Dual Chip</td>\r\n		</tr>\r\n		<tr>\r\n			<th>Sistema Operacional</th>\r\n			<td>Android</td>\r\n		</tr>\r\n		<tr>\r\n			<th>Vers&atilde;o</th>\r\n			<td>5</td>\r\n		</tr>\r\n		<tr>\r\n			<th>Processador</th>\r\n			<td>Qualcomm Snapdragon 615 MSM8939 1,5 GHz</td>\r\n		</tr>\r\n		<tr>\r\n			<th>Mem&oacute;ria RAM</th>\r\n			<td>3GB</td>\r\n		</tr>\r\n		<tr>\r\n			<th>Tipo de tela</th>\r\n			<td>LCD IPS</td>\r\n		</tr>\r\n		<tr>\r\n			<th>Tamanho do Display</th>\r\n			<td>5.5&quot;</td>\r\n		</tr>\r\n		<tr>\r\n			<th>Resolu&ccedil;&atilde;o</th>\r\n			<td>1920x1080</td>\r\n		</tr>\r\n		<tr>\r\n			<th>Banda</th>\r\n			<td>4G LTE Cat4 150 Mbps</td>\r\n		</tr>\r\n		<tr>\r\n			<th>Conectividade</th>\r\n			<td>4G</td>\r\n		</tr>\r\n		<tr>\r\n			<th>NFC</th>\r\n			<td>N&atilde;o</td>\r\n		</tr>\r\n		<tr>\r\n			<th>Mem&oacute;ria Interna</th>\r\n			<td>32GB</td>\r\n		</tr>\r\n		<tr>\r\n			<th>C&acirc;mera traseira</th>\r\n			<td>13MP</td>\r\n		</tr>\r\n		<tr>\r\n			<th>C&acirc;mera frontal</th>\r\n			<td>13MP</td>\r\n		</tr>\r\n		<tr>\r\n			<th>Filmadora</th>\r\n			<td>Full HD</td>\r\n		</tr>\r\n		<tr>\r\n			<th>TV</th>\r\n			<td>N&atilde;o</td>\r\n		</tr>\r\n		<tr>\r\n			<th>Recursos de Chamada</th>\r\n			<td>Viva Voz</td>\r\n		</tr>\r\n		<tr>\r\n			<th>Outros Recursos</th>\r\n			<td>Flash na c&acirc;mera frontal</td>\r\n		</tr>\r\n		<tr>\r\n			<th>Expansivo at&eacute;</th>\r\n			<td>MicroSD at&eacute; 64GB</td>\r\n		</tr>\r\n		<tr>\r\n			<th>Alimenta&ccedil;&atilde;o/Tipo de bateria</th>\r\n			<td>Bivolt</td>\r\n		</tr>\r\n		<tr>\r\n			<th>Conte&uacute;do da Embalagem</th>\r\n			<td>Telefone; Carregador; Fone de ouvido; Manual do usu&aacute;rio; Cart&atilde;o garantia</td>\r\n		</tr>\r\n		<tr>\r\n			<th>Dimens&otilde;es aproximadas do produto - cm (AxLxP)</th>\r\n			<td>15,6x7,7x1cm</td>\r\n		</tr>\r\n		<tr>\r\n			<th>Peso l&iacute;q. aproximado do produto (kg)</th>\r\n			<td>170g</td>\r\n		</tr>\r\n		<tr>\r\n			<th>Garantia do Fornecedor</th>\r\n			<td>12 meses</td>\r\n		</tr>\r\n		<tr>\r\n			<th>Refer&ecirc;ncia do modelo</th>\r\n			<td>90AZ00U8-M03021</td>\r\n		</tr>\r\n		<tr>\r\n			<th>Fornecedor</th>\r\n			<td>ASUS</td>\r\n		</tr>\r\n	</tbody>\r\n</table>\r\n', 'S', 'zenfone.jpg', ''),
(4, 3, 25, 6, 'Processador Intel Core i7-4790K  Haswell, Cache 8MB, 4.4GHz (4.4Ghz Max Turbo), LGA 1150, Intel HD Graphics 4600 BX80646I74790K \nCore i7-4790K 4.40GHz 8MB', '20235.18', '9000.00', '<p>Processador Intel Core i7-4790K 4.40GHz 8MB LGA 1150 c/ Intel HD Graphics BX80646I74790K.</p>', '<p><strong>Caracter&iacute;sticas:</strong><br />\r\n- Marca: Intel<br />\r\n- Modelo:&nbsp;BX80646I74790K<br />\r\n<br />\r\n<strong>Especifica&ccedil;&otilde;es:</strong><br />\r\n- Status:&nbsp;Launched<br />\r\n-&nbsp;Data de inicializa&ccedil;&atilde;o:&nbsp;Q2&#39;14<br />\r\n-&nbsp;N&uacute;mero do processador:&nbsp;i7-4790K<br />\r\n-&nbsp;N&uacute;mero de n&uacute;cleos:&nbsp;4<br />\r\n-&nbsp;N&ordm; de threads:&nbsp;8<br />\r\n-&nbsp;Velocidade do rel&oacute;gio:&nbsp;4 GHz<br />\r\n-&nbsp;Frequ&ecirc;ncia m&aacute;x. turbo:&nbsp;4.4 GHz<br />\r\n-&nbsp;Cache inteligente Intel&reg;:&nbsp;8 MB<br />\r\n-&nbsp;DMI2:&nbsp;5 GT/s<br />\r\n-&nbsp;Conjunto de instru&ccedil;&otilde;es:&nbsp;64-bit<br />\r\n-&nbsp;Extens&otilde;es do conjunto de instru&ccedil;&otilde;es:&nbsp;SSE 4.1/4.2, AVX 2.0<br />\r\n-&nbsp;Litografia:&nbsp;22 nm<br />\r\n-&nbsp;Escalabilidade:&nbsp;1S Only<br />\r\n-&nbsp;TDP m&aacute;ximo:&nbsp;88 W<br />\r\n-&nbsp;Especifica&ccedil;&atilde;o de solu&ccedil;&atilde;o t&eacute;rmica:&nbsp;PCG 2013D<br />\r\n<br />\r\n<strong>Mem&oacute;ria:</strong><br />\r\n- Tamanho m&aacute;ximo de mem&oacute;ria (de acordo com o tipo de mem&oacute;ria):&nbsp;32 GB<br />\r\n- Tipos de mem&oacute;ria:&nbsp;DDR3-1333/1600<br />\r\n- N&ordm; de canais de mem&oacute;ria:&nbsp;2<br />\r\n- Largura de banda m&aacute;xima da mem&oacute;ria:&nbsp;25,6 GB/s<br />\r\n<br />\r\n<strong>Gr&aacute;ficos:</strong><br />\r\n-&nbsp;Gr&aacute;ficos do processador:&nbsp;Intel&reg; HD Graphics 4600<br />\r\n-&nbsp;Frequ&ecirc;ncia da base gr&aacute;fica:&nbsp;350 MHz<br />\r\n-&nbsp;M&aacute;xima frequ&ecirc;ncia din&acirc;mica da placa gr&aacute;fica:&nbsp;1.25 GHz<br />\r\n-&nbsp;Quantidade m&aacute;xima de mem&oacute;ria gr&aacute;fica de v&iacute;deo:&nbsp;1.7 GB<br />\r\n-&nbsp;Intel&reg; Quick Sync Video<br />\r\n-&nbsp;Tecnologia Intel&reg; InTru&trade; 3D<br />\r\n-&nbsp;Intel&reg; Insider&trade;<br />\r\n-&nbsp;Intel&reg; Wireless Display<br />\r\n-&nbsp;Tecnologia de Alta Defini&ccedil;&atilde;o Intel&reg; Clear Video<br />\r\n-&nbsp;N&ordm; de telas suportadas:&nbsp;3<br />\r\n<br />\r\n<strong>Op&ccedil;&otilde;es de expans&atilde;o:</strong><br />\r\n- Revis&atilde;o de PCI Express:&nbsp;3.0<br />\r\n-&nbsp;Configura&ccedil;&otilde;es PCI Express:&nbsp;Up to 1x16, 2x8, 1x8/2x4<br />\r\n-&nbsp;N&ordm; m&aacute;ximo de linhas PCI Express:&nbsp;16<br />\r\n<br />\r\n<strong>Informa&ccedil;&otilde;es adicionais:</strong><br />\r\n- Configura&ccedil;&atilde;o m&aacute;xima da CPU:&nbsp;1<br />\r\n-&nbsp;TCASE:&nbsp;72.72&deg;C<br />\r\n-&nbsp;Litografia gr&aacute;fica e IMC:&nbsp;22nm<br />\r\n-&nbsp;Soquetes suportados:&nbsp;FCLGA1150<br />\r\n<br />\r\n<strong>Tecnologia avan&ccedil;ada:</strong><br />\r\n- Tecnologia Intel&reg; Turbo Boost:&nbsp;2.0<br />\r\n-&nbsp;Tecnologia Hyper-Threading Intel&reg;<br />\r\n-&nbsp;Tecnologia de virtualiza&ccedil;&atilde;o Intel&reg; (VT-x)<br />\r\n-&nbsp;Tecnologia de virtualiza&ccedil;&atilde;o Intel&reg; para E/S direcionada (VT-d)<br />\r\n-&nbsp;Intel&reg; VT-x com Tabelas de p&aacute;gina estendida (EPT)<br />\r\n-&nbsp;Intel&reg; TSX-NI<br />\r\n-&nbsp;Intel&reg; 64<br />\r\n-&nbsp;Tecnologia Intel&reg; My WiFi<br />\r\n-&nbsp;Estados ociosos<br />\r\n-&nbsp;Enhanced Intel SpeedStep&reg; Technology<br />\r\n-&nbsp;Tecnologias de monitoramento t&eacute;rmico<br />\r\n-&nbsp;Tecnologia de prote&ccedil;&atilde;o da identidade Intel&reg;<br />\r\n<br />\r\n<strong>Conte&uacute;do da embalagem:</strong><br />\r\n- 01&nbsp;Processador Intel<br />\r\n- 01 Cooler</p>\r\n\r\n<p>&nbsp;</p>\r\n\r\n<p><br />\r\n<br />\r\n<br />\r\n<strong>Garantia</strong><br />\r\n12 meses de garantia<br />\r\n<br />\r\n<strong>Peso</strong><br />\r\n370 gramas (bruto com embalagem)</p>', 'S', 'core_I7.jpg', 'S'),
(5, 1, 8, 8, 'Smartphone Multilaser MS2 Android 4.2 Wi Fi Bluetooth Câmera 3.0 MP 4GB Cartão Micro SD GPS Dual Chip - Azul', '10346.94', '9800.00', '<p><strong>Smartphone Multilaser MS2 Android 4.2 Wi Fi Bluetooth C&acirc;mera 3.0 MP 4GB Cart&atilde;o Micro SD GPS Dual Chip - Azul</strong></p>\r\n\r\n<p>Aproveite todas as fun&ccedil;&otilde;es que o&nbsp;<strong>Smartphone Multilaser MS2</strong>&nbsp;pode te oferecer numa tela de 3,5 polegadas! Al&eacute;m de uma c&acirc;mera que realiza fotos em &oacute;tima resolu&ccedil;&atilde;o, este modelo permite navegar na internet via Wi-fi e acessar mapas com seu dispositivo GPS. S&atilde;o diversos recursos de comunica&ccedil;&atilde;o e entretenimento em um aparelho compacto e leve.<br />\r\n<br />\r\n- Processador: Dual Core 2x1.0GHz&nbsp;<br />\r\n- Mem&oacute;ria interna: 4GB (flash)&nbsp;<br />\r\n- Tela de 3,5&quot; IPS&nbsp;<br />\r\n- Resolu&ccedil;&atilde;o: HVGA (320x480px)<br />\r\n- Sistema Operacional: Android 4.2&nbsp;<br />\r\n- C&acirc;mera: 3.0MP&nbsp;<br />\r\n- Dual Chip&nbsp;<br />\r\n- Wi-Fi&nbsp;<br />\r\n- 3G&nbsp;<br />\r\n- Bluetooth&nbsp;<br />\r\n- GPS/A-GPS&nbsp;<br />\r\n- R&aacute;dio FM&nbsp;<br />\r\n- Mem&oacute;ria expans&iacute;vel at&eacute; 32GB por cart&atilde;o micro SD<br />\r\n- Bateria de l&iacute;tio: 1200MAh&nbsp;</p>', '<p><strong>Informa&ccedil;&otilde;es t&eacute;cnicas</strong></p>\r\n\r\n<table>\r\n	<tbody>\r\n		<tr>\r\n			<th><strong>Marca</strong></th>\r\n			<td><strong>Multilaser</strong></td>\r\n		</tr>\r\n		<tr>\r\n			<th><strong>Cor</strong></th>\r\n			<td><strong>Azul</strong></td>\r\n		</tr>\r\n		<tr>\r\n			<th><strong>Quantidade de Chips</strong></th>\r\n			<td><strong>Dual Chip</strong></td>\r\n		</tr>\r\n		<tr>\r\n			<th><strong>Sistema Operacional</strong></th>\r\n			<td><strong>Android</strong></td>\r\n		</tr>\r\n		<tr>\r\n			<th><strong>Processador</strong></th>\r\n			<td><strong>1.0GHz</strong></td>\r\n		</tr>\r\n		<tr>\r\n			<th><strong>Tamanho do Display</strong></th>\r\n			<td><strong>3.5&quot;</strong></td>\r\n		</tr>\r\n		<tr>\r\n			<th><strong>Banda</strong></th>\r\n			<td><strong>G2: 850/900/1800/1900 G3: 850/2100</strong></td>\r\n		</tr>\r\n		<tr>\r\n			<th><strong>Conectividade</strong></th>\r\n			<td><strong>3G</strong></td>\r\n		</tr>\r\n		<tr>\r\n			<th><strong>Mem&oacute;ria Interna</strong></th>\r\n			<td><strong>4GB</strong></td>\r\n		</tr>\r\n		<tr>\r\n			<th><strong>C&acirc;mera traseira</strong></th>\r\n			<td><strong>3MP</strong></td>\r\n		</tr>\r\n		<tr>\r\n			<th><strong>C&acirc;mera frontal</strong></th>\r\n			<td><strong>N&atilde;o</strong></td>\r\n		</tr>\r\n		<tr>\r\n			<th><strong>Filmadora</strong></th>\r\n			<td><strong>VGA</strong></td>\r\n		</tr>\r\n		<tr>\r\n			<th><strong>TV</strong></th>\r\n			<td><strong>N&atilde;o</strong></td>\r\n		</tr>\r\n		<tr>\r\n			<th><strong>Expansivo at&eacute;</strong></th>\r\n			<td><strong>MicroSD at&eacute; 32GB</strong></td>\r\n		</tr>\r\n		<tr>\r\n			<th><strong>Alimenta&ccedil;&atilde;o/Tipo de bateria</strong></th>\r\n			<td><strong>Bateria de l&iacute;tio: 1200MAh</strong></td>\r\n		</tr>\r\n		<tr>\r\n			<th><strong>Conte&uacute;do da Embalagem</strong></th>\r\n			<td><strong>Celular, Bateria, Carregador, Cabo USB e Manual</strong></td>\r\n		</tr>\r\n		<tr>\r\n			<th><strong>Dimens&otilde;es aproximadas do produto - cm (AxLxP)</strong></th>\r\n			<td><strong>11,4x6,5x1,1cm</strong></td>\r\n		</tr>\r\n		<tr>\r\n			<th><strong>Peso l&iacute;q. aproximado do produto (kg)</strong></th>\r\n			<td><strong>220g</strong></td>\r\n		</tr>\r\n		<tr>\r\n			<th><strong>Garantia do Fornecedor</strong></th>\r\n			<td><strong>12 meses</strong></td>\r\n		</tr>\r\n		<tr>\r\n			<th><strong>Fornecedor</strong></th>\r\n			<td><strong>Multilaser</strong></td>\r\n		</tr>\r\n	</tbody>\r\n</table>', 'S', 'multilaser.jpg', ''),
(6, 3, 33, 9, 'HD Seagate SATA 3,5´ Desktop HDD 1TB 7200RPM 64MB Cache SATA 6Gb/s - ST1000DM003<br><br>', '10446.94', '9080.00', '<p>Combinando componentes comprovados, tecnologia de ponta e know-how em fabrica&ccedil;&atilde;o de volume, o disco Seagate&reg; 7200.12, a 12a. gera&ccedil;&atilde;o dessa premiada fam&iacute;lia de discos r&iacute;gidos para desktop, oferece 1TB de armazenamento digital de alto desempenho e ecol&oacute;gico. Projetado com n&iacute;veis de ac&uacute;stica e baixo consumo de energia l&iacute;deres do setor.</p>', '<p>Caracter&iacute;sticas:</p>\r\n\r\n<p>- Marca: Seagate<br />\r\n- Modelo: ST1000DM003&nbsp;</p>\r\n\r\n<p><strong>Especifica&ccedil;&otilde;es:</strong><br />\r\n- N&uacute;mero do modelo ST1000DM003<br />\r\n- Interface SATA III (6Gb/s)<br />\r\n- Cache 64MB<br />\r\n- Capacidade 1TB<br />\r\n- Densidade de &aacute;rea (m&eacute;dia) 625Gb/pol2<br />\r\n- Setores garantidos 1,953,525,168<br />\r\n- Taxa anual de falhas &lt;1%<br />\r\n- Corrente m&aacute;xima de inicializa&ccedil;&atilde;o, CC 2.0<br />\r\n- Dimens&atilde;o Aproximada:&nbsp;20.17 x 101.6 x 146.99mm</p>\r\n\r\n<p><strong>Desempenho:</strong><br />\r\n- Velocidade do eixo (RPM) 7200 RPM<br />\r\n- Lat&ecirc;ncia m&eacute;dia 4.16ms<br />\r\n- Tempo de busca de leitura aleat&oacute;ria &lt;8.5ms<br />\r\n- Tempo de busca de grava&ccedil;&atilde;o aleat&oacute;ria &lt;9.5ms</p>\r\n\r\n<p><strong>Conte&uacute;do da Embalagem:</strong><br />\r\n- 1x HD Seagate SATA III</p>\r\n\r\n<p><strong>Garantia</strong><br />\r\n12 meses de garantia<br />\r\n&nbsp;</p>\r\n\r\n<p><strong>Peso</strong><br />\r\n422 gramas (bruto com embalagem)</p>', 'S', 'seagate_HD.jpg', ''),
(7, 3, 27, 10, 'Placa de Vídeo VGA GigaByte GTX750TI 1gb OC DDR5 2DVI / 2HDMI N75TOC-1GI<br><br><br>', '11046.94', '9100.00', '<h3>Design personalizado GIGABYTE 100 mil&iacute;metros mais frio</h3>\r\n\r\n<p>Ao contr&aacute;rio do estere&oacute;tipo, a GIGABYTE &eacute; capaz de maximizar o tamanho do ventilador de 10 cm com o mais recente design de refrigera&ccedil;&atilde;o. Com um ventilador de 10 cent&iacute;metros, a placa fica virtualmente mais silenciosa pois seu n&iacute;vel de ru&iacute;do &eacute; muito menor.</p>\r\n\r\n<h3>Design &uacute;nico das laminas da ventoinha</h3>\r\n\r\n<p>O fluxo de ar &eacute; dividido atrav&eacute;s do design em tri&acirc;ngulo da borda da ventoinha, e &eacute; guiado suavemente atrav&eacute;s do ventilador pelo design especial de listras curvas 3d. Isso n&atilde;o s&oacute; aumenta eficazmente a capacidade de resfriamento como tamb&eacute;m reduz a turbul&ecirc;ncia do ar.</p>\r\n\r\n<h3>At&eacute; 4 monitores em uma &uacute;nica placa de V&iacute;deo</h3>\r\n\r\n<p>Suporte para at&eacute; quatro monitores em uma &uacute;nica placa de v&iacute;deo. Satisfa&ccedil;&atilde;o para o seu sistema, de alta defini&ccedil;&atilde;o e com uma experi&ecirc;ncia gamer extrema.</p>\r\n\r\n<h3>2 x HDMI Banhado a ouro</h3>\r\n\r\n<p>Banhado a ouro, os conectores com grande &aacute;rea de contato s&atilde;o mais duraveis e t&ecirc;m sido utilizados para a transfer&ecirc;ncia de um &oacute;timo sinal entre as conex&otilde;es. A dupla de HDMI permite aos usu&aacute;rios experimentar Games com ambientes maiores, mais rico e com melhor resolu&ccedil;&atilde;o em uma &uacute;nica placa de V&iacute;deo.</p>\r\n\r\n<h3>Ultra Cooling</h3>\r\n\r\n<p>Baixa RDS (on) MOSFETs s&atilde;o especialmente concebidos para produzir uma menor resist&ecirc;ncia de comuta&ccedil;&atilde;o para carregamento mais r&aacute;pido de corrente el&eacute;trica e descarga em temperatura extremamente baixa.</p>\r\n\r\n<p>&nbsp;</p>', '<p><strong>Caracter&iacute;sticas:</strong></p>\r\n\r\n<p>- Marca: Gigabyte</p>\r\n\r\n<p>- Modelo: 2HDMI N75TOC-1GI</p>\r\n\r\n<p><strong>Especifica&ccedil;&otilde;es:</strong></p>\r\n\r\n<p>- Rel&oacute;gio n&uacute;cleo: Base / impulso de rel&oacute;gio: 1033 / 1111MHz (padr&atilde;o: 1020/1085)</p>\r\n\r\n<p>- Rel&oacute;gio de mem&oacute;ria: 5400 MHz</p>\r\n\r\n<p>- Tecnologia de Processos: 28 nm</p>\r\n\r\n<p>- Tamanho da mem&oacute;ria: 1 GB</p>\r\n\r\n<p>- Mem&oacute;ria Bus: 128 bits</p>\r\n\r\n<p>- Cart&atilde;o Bus: PCI-E 3.0</p>\r\n\r\n<p>- Tipo de mem&oacute;ria: GDDR5</p>\r\n\r\n<p>- DirectX: 12</p>\r\n\r\n<p>- OpenGL: 4.4</p>\r\n\r\n<p>- PCB Form: ATX</p>\r\n\r\n<p>- Resolu&ccedil;&atilde;o m&aacute;xima Digital: 4096 X 2160 (via HDMI 2)</p>\r\n\r\n<p>- Resolu&ccedil;&atilde;o m&aacute;xima Anal&oacute;gica: 2048 x 1536</p>\r\n\r\n<p>- Multi-view: 4</p>\r\n\r\n<p>- I/O: Dual-link DVI-I * 1 / DVI-D * 1 / HDMI * 2</p>\r\n\r\n<p>- Tamanho do cart&atilde;o: H = 43 mm, L = 185 mm, W = 135 mm</p>\r\n\r\n<p>- Requisitos de alimenta&ccedil;&atilde;o: 400W (com um conector de alimenta&ccedil;&atilde;o externa de 6 pinos)</p>\r\n\r\n<p><strong>Conte&uacute;do da embalagem:</strong></p>\r\n\r\n<p>- 01 Placa de V&iacute;deo VGA GigaByte GTX750TI</p>\r\n\r\n<p><strong>Garantia</strong><br />\r\n12 meses de garantia<br />\r\n<br />\r\n<strong>Peso</strong><br />\r\n650 gramas (bruto com embalagem)</p>', 'S', 'VGA_Gigabyte.jpg', ''),
(8, 3, 26, 5, 'Placa-Mãe ASUS p/ Intel LGA 1155 mATX H61M-A/BR, 2xDDR3 HDMI/DVI/ VGA, Digi+ VRM, PCI-x1, SATA 3GB/s, Rede Gigabit', '10446.94', '9070.00', '<p>Placa-M&atilde;e ASUS p/ Intel LGA 1155 mATX H61M-A/BR, 2xDDR3 HDMI/DVI/ VGA, Digi+ VRM, PCI-x1, SATA 3GB/s, Rede Gigabit, Bios UEFI</p>', '<p><strong>Caracter&iacute;sticas:</strong><br />\r\n- Marca: ASUS<br />\r\n- Modelo:&nbsp;H61M-A/BR&nbsp;</p>\r\n\r\n<p><strong>Especifica&ccedil;&otilde;es:</strong></p>\r\n\r\n<p><strong>Processador:</strong><br />\r\n- Soquete Intel&reg; 1155 para para 3&ordf;/2&ordf; gera&ccedil;&atilde;o de processadores Core&trade; i7/Core&trade; i5/Core&trade; i3/Pentium&reg;/Celeron&reg;&nbsp;<br />\r\n- Suporta processadores Intel&reg; de 22 nm<br />\r\n- Suporta a tecnologia Intel&reg; Turbo Boost 2.0&nbsp;<br />\r\n- Suporta Intel&reg; 32 nm CPU<br />\r\n- Suporta a tecnologia Intel&reg; Turbo Boost 2.0 dependendo do tipo do processador&nbsp;</p>\r\n\r\n<p><strong>Chipset:&nbsp;</strong><br />\r\n-&nbsp;Soquete Intel&reg; H61(B3)</p>\r\n\r\n<p><strong>Mem&oacute;ria:</strong><br />\r\n- Mem&oacute;ria 2 x DIMM, m&aacute;ximo de 16GB, DDR3 2200(O.C.)/2133(O.C.)/2000(O.C.)<br />\r\n- 1866(O.C.)/1600/1333/1066 MHz Non-ECC, Un-buffered<br />\r\n- Arquitetura de mem&oacute;ria: Dois canais&nbsp;</p>\r\n\r\n<p><strong>Gr&aacute;fico:</strong><br />\r\n- Processador Gr&aacute;fico Integrado&nbsp;<br />\r\n- Sa&iacute;da Multi-VGA: portas HDMI/DVI/RGB -&nbsp;<br />\r\n- Suporta HDMI com resolu&ccedil;&atilde;o m&aacute;xima de 1920 por 1200 / 60 Hz<br />\r\n- Suporta DVI com resolu&ccedil;&atilde;o m&aacute;xima de 1920 por 1200 / 60 Hz<br />\r\n- Suporta RGB com resolu&ccedil;&atilde;o m&aacute;xima de 2048 por 1536 / 75 Hz<br />\r\n- M&aacute;ximo de mem&oacute;ria compartilhada 1024 MB&nbsp;</p>\r\n\r\n<p><strong>Slots de Expans&atilde;o:</strong><br />\r\n- 1 x PCIe 3.0/2.0 x16&nbsp;<br />\r\n- 2 x PCIe 2.0 x1&nbsp;</p>\r\n\r\n<p><strong>Armazenamento:</strong><br />\r\n- 4 x Porta(s) SATA 3Gb/s, azul&nbsp;</p>\r\n\r\n<p><strong>Rede:</strong><br />\r\n-&nbsp;Realtek&reg; 8111F, 1 x Gigabit LAN</p>\r\n\r\n<p><strong>&Aacute;udio:</strong><br />\r\n-&nbsp;Realtek&reg; ALC887 com 8 canais - CODEC de alta defini&ccedil;&atilde;o</p>\r\n\r\n<p><strong>Portas USB:</strong><br />\r\n-&nbsp;10 portas USB 2.0 (4 no painel traseiro, conectores internos para mais 6 portas)&nbsp;</p>\r\n\r\n<p><strong>ASUS EPU :</strong><br />\r\n- EPU&nbsp;<br />\r\n<br />\r\n<strong>ASUS Digital Power Design :</strong><br />\r\n- Tecnologia l&iacute;der de energia com 3 +1 fases de controle de energia<br />\r\n- ASUS DIGI+ VRM Utility</p>\r\n\r\n<p><strong>Recursos exclusivos ASUS:</strong><br />\r\n- Anti-Surge (contra picos de energia)<br />\r\n- AI Suite II<br />\r\n- Ai Charger<br />\r\n- ASUS BIOS UEFI - Modo EZ com interface gr&aacute;fica amig&aacute;vel.&nbsp;<br />\r\n- Network iControl<br />\r\n- Disk Unlocker<br />\r\n<br />\r\n<strong>Solu&ccedil;&atilde;o t&eacute;rmica silenciosa ASUS:</strong><br />\r\n- ASUS Fan Xpert&nbsp;<br />\r\n<br />\r\n<strong>ASUS EZ DIY :</strong><br />\r\n- ASUS CrashFree BIOS 3&nbsp;<br />\r\n- ASUS EZ Flash 2&nbsp;<br />\r\n- ASUS MyLogo 2&nbsp;</p>\r\n\r\n<p><strong>Portas no Painel Traseiro:</strong><br />\r\n- 1 x PS/2 teclado (roxo)<br />\r\n- 1 x PS/2 mouse (verde)<br />\r\n- 1 sa&iacute;da DVI<br />\r\n- 1 sa&iacute;da D-Sub<br />\r\n- 1 x HDMI<br />\r\n- 1 porta LAN (RJ45)<br />\r\n- 4 portas USB 2.0&nbsp;<br />\r\n- 3 entradas de &aacute;udio&nbsp;</p>\r\n\r\n<p><strong>Painel Interno:</strong><br />\r\n- 3 entradas USB 2.0, com suporte a 6 portas USB 2.0 adicional<br />\r\n- 4 conectores SATA 3Gb/s<br />\r\n- 1 conector de ventoinha do processador (1 x 4 -pin)<br />\r\n- 1 conector de ventoinha do chassi (1 x 4 -pin)<br />\r\n- 1 conector de for&ccedil;a EATX de 24 pinos<br />\r\n- 1 conector de for&ccedil;a ATX 12V de 4 pinos<br />\r\n- 1 conector de &aacute;udio para o painel frontal (AAFP)<br />\r\n- 1 x conector interno para caixas de som<br />\r\n- 1 x Front panel connector&nbsp;</p>\r\n\r\n<p><strong>Bios:</strong><br />\r\n-&nbsp;64Mb Flash ROM, EFI BIOS, PnP, DMI v2.0, WfM2.0, SMBIOS v2.7, ACPI v2.0a,SLP3.0</p>\r\n\r\n<p><strong>Suporte de Disco:</strong><br />\r\n-&nbsp;Drivers<br />\r\n- ASUS Utilities<br />\r\n- ASUS Update&nbsp;<br />\r\n- Anti-Virus Software (OEM Version)&nbsp;</p>\r\n\r\n<p><strong>Formato:&nbsp;</strong><br />\r\n-&nbsp;Modelo uATX<br />\r\n- 22.6 cm por 18 cm (8.9 polegadas por 7.1 polegadas)&nbsp;</p>\r\n\r\n<p><strong>Conte&uacute;do da Embalagem:</strong><br />\r\n- MB ASUS<br />\r\n-&nbsp;Manual do usu&aacute;rio<br />\r\n- 2 cabos SATA 3Gb/s<br />\r\n- I/O Shield</p>\r\n\r\n<p><strong>Garantia</strong><br />\r\n12 meses de garantia<br />\r\n<br />\r\n<strong>Peso</strong><br />\r\n692 gramas (bruto com embalagem)</p>', 'S', 'MB_Asus.jpg', ''),
(9, 3, 28, 11, 'Avermedia Placa de Captura AVerTV Hybrid Volar Xpro 3D (H869)', '10346.94', '9030.00', '<p>AVer3D Hybrid Volar Xpro &eacute; a placa de captura que vem com a &uacute;ltima vers&atilde;o do aplicativo AVerTV 6 3D que lhe permite assistir e gravar TV n&atilde;o apenas anal&oacute;gica e digital (ISDB-T), mas tamb&eacute;m a TV 3D Ao Vivo e ainda ouvir r&aacute;dio FM em seu PC ou Notebook! Ainda melhor, se voc&ecirc; n&atilde;o quiser esperar at&eacute; o formato TV3D ser transmitido pelos seus canais convencionais, a tecnologia exclusiva see3D pode transformar todas as transmiss&otilde;es 2D ao vivo, grava&ccedil;&otilde;es de TV e filmes em uma experi&ecirc;ncia fant&aacute;stica em 3D!</p>', '<p><strong>Caracter&iacute;sticas:</strong><br />\r\n- Marca: Avermedia<br />\r\n- Modelo:&nbsp;Xpro 3D (H869)</p>\r\n\r\n<p><br />\r\n<br />\r\n<strong>Especifica&ccedil;&otilde;es:</strong><br />\r\n- Visualiza&ccedil;&atilde;o de 3DTV e HDTV&nbsp;<br />\r\n- Suporte em Modo anagl&iacute;fico, polarizada e Shutter&nbsp;<br />\r\n- Transforme TV Ao Vivo 2D em TV Ao Vivo 3D&nbsp;<br />\r\n- Grave seus programas favoritos em formato para iPhone e iPad&nbsp;<br />\r\n- Suporte AV-in&nbsp;<br />\r\n- Aperfei&ccedil;oamento de Cor Fun&ccedil;&atilde;o Timeshift e PIP&nbsp;<br />\r\n- Agendamento de Grava&ccedil;&atilde;o&nbsp;<br />\r\n- Despertar para Gravar (Fa&ccedil;a seu computador ligar no hor&aacute;rio agendado da grava&ccedil;&atilde;o e desligar ap&oacute;s a grava&ccedil;&atilde;o ser conclu&iacute;da)&nbsp;<br />\r\n- Antena Bi-polar (Aumento exponencial no ganho de sinal)&nbsp;<br />\r\n- Controle Remoto com recurso especial para 3DTV</p>\r\n\r\n<p><strong>Requisitos do Sistema:</strong></p>\r\n\r\n<p><strong>Para Assistir TV ao Vivo&nbsp;</strong><br />\r\n- TV &amp; Antena FM 75&Omega;&nbsp;<br />\r\n- S-Video e (RCA) Composite&nbsp;<br />\r\n<br />\r\n<strong>Requisitos de Sistema para Assistir HDTV Ao Vivo&nbsp;</strong><br />\r\n- Intel&reg;&nbsp;Pentium&reg; 4 2.0GHz&nbsp;<br />\r\n- Intel&reg; Atom&trade;&nbsp;1.6GHz<br />\r\n<br />\r\n<strong>Para grava&ccedil;&atilde;o MPEG-2 e TimeShift&nbsp;</strong><br />\r\n- Intel&reg;&nbsp;Pentium&reg; 4 3.0GHz (hyper-threading)&nbsp;<br />\r\n- Processador AMD Athlon&trade; 64 3200&nbsp;<br />\r\n- Intel&reg; Pentium&reg; Mobile 2.0 GHz ou AMD equivalente (port&aacute;til)&nbsp;<br />\r\n<br />\r\n<strong>Para visualizar H.264 HDTV&nbsp;</strong><br />\r\n- Intel&reg;&nbsp;Core&trade; 2 Duo 2.64 GHz&nbsp;<br />\r\n- Processador AMD Athlon&trade; 64 X2 2.8 GHz&nbsp;<br />\r\n- Intel&reg; Core&trade; 2 Duo equivalente 2.0 GHz ou AMD (port&aacute;til)&nbsp;<br />\r\n<br />\r\n<strong>Para assistir 3DTV Ao Vivo&nbsp;</strong><br />\r\n- Intel&reg; Core&trade; 2 Duo ou AMD Athlon X2 ou superior&nbsp;<br />\r\n<br />\r\n<strong>Para Convers&atilde;o de V&iacute;deo 2D-3D&nbsp;</strong><br />\r\n- Intel&reg; Core&reg;&nbsp;i3 530 2.93 GHz ou AMD Athlon II X3 445&nbsp;<br />\r\n- Placa VGA* com suporte a DirectX 9.0ce HD DXVA**&nbsp;<br />\r\n- 256 MB de Mem&oacute;ria RAM***<br />\r\n- Porta USB 2.0&nbsp;<br />\r\n- Placa de Som&nbsp;<br />\r\n- Windows&reg; 8 / 7 / Vista&trade; / XP(32/64-Bit)&nbsp;</p>\r\n\r\n<p>&nbsp;</p>\r\n\r\n<p><strong>Conte&uacute;do da Embalagem:</strong><br />\r\n- AVer3D XPro Hybrid Volar&nbsp;<br />\r\n- CD de instala&ccedil;&atilde;o&nbsp;<br />\r\n- Guia de instala&ccedil;&atilde;o r&aacute;pida&nbsp;<br />\r\n- Antena FM&nbsp;<br />\r\n- S-Video /&nbsp;Cabo&nbsp;Composite 2 em 1<br />\r\n- Controle Remoto</p>\r\n\r\n<p>* Placa de v&iacute;deo com mem&oacute;ria de 512 MB ou superior &eacute; recomendada para convers&atilde;o de v&iacute;deo 2D-3D. NVIDIA &reg; GeForce &reg; GT 240 ou superior &eacute; recomendada pela NVIDIA Vision &trade; &reg; para o modo de visualiza&ccedil;&atilde;o 3D.&nbsp;</p>\r\n\r\n<p>**Necess&aacute;rio placa VGA com suporte para HD DXVA, &eacute; um requisito da CPU para visualizar H.264 HDTV por&eacute;m, pode ser reduzido para Intel &reg; Pentium &reg; 4 3.0GHz.&nbsp;</p>\r\n\r\n<p>*** 1 GB de RAM &eacute; necess&aacute;ria para H.264 HDTV ao vivo e exibi&ccedil;&atilde;o 3DTV. 2GB de RAM &eacute; recomendado para convers&atilde;o de v&iacute;deo 2D-3D.&nbsp;</p>\r\n\r\n<p><br />\r\n<strong>Garantia</strong><br />\r\n12 meses de garantia<br />\r\n<br />\r\n<strong>Peso</strong><br />\r\n344 gramas (bruto com embalagem)</p>', 'S', 'captura.jpg', ''),
(10, 7, 60, 12, 'Controle Dazz Dualshock Bluetooth PS3 Preto 621121', '5046.94', '5000.00', '<p>Controle Dazz Dualshock Bluetooth PS3 Preto 621121</p>', '<p><strong>Caracter&iacute;sticas:</strong><br />\r\n- Marca:&nbsp;&nbsp;Dazz&nbsp;<br />\r\n- Modelo:&nbsp;621121<br />\r\n<br />\r\n<strong>Especifica&ccedil;&otilde;es:</strong><br />\r\n- Plataforma: PS3<br />\r\n- Sensor: SIX AXIS para maior realismo durante os jogos<br />\r\n- Conex&atilde;o: Bluetooth<br />\r\n- Bot&otilde;es: L2 e R2 Customizados e bot&atilde;o Dazz que liga e desliga o console<br />\r\n- Dimens&otilde;es: 145 x 75 x 117mm<br />\r\n- Cor: Preto<br />\r\n<br />\r\n<strong>Conte&uacute;do da Embalagem:</strong><br />\r\n- Controle PS3<br />\r\n- Cabo Carregador&nbsp;</p>\r\n\r\n<p><strong>Garantia</strong><br />\r\n12 meses de garantia<br />\r\n<br />\r\n<strong>Peso</strong><br />\r\n314 gramas (bruto com embalagem)</p>', 'S', 'joystick.jpg', 'S'),
(11, 7, 56, 13, 'Game Pro Evolution Soccer - PES 2016 Xbox One', '10246.94', '9020.00', '<p>Game Pro Evolution Soccer - PES 2016 Xbox One</p>', '<p><strong><strong>Caracter&iacute;sticas:</strong></strong><br />\r\n- Marca: Microsoft<br />\r\n- Game: PES 2016</p>\r\n\r\n<p><strong><strong>Especifica&ccedil;&otilde;es:</strong></strong><br />\r\n- Plataforma: XBOX ONE<br />\r\n- Publisher: Konami<br />\r\n- G&ecirc;nero: Esporte (Futebol)<br />\r\n- Multiplayer: 1 ~ 4 Jogadores (offline)<br />\r\n- Idioma: Portugu&ecirc;s - Dublado<br />\r\n- Classifica&ccedil;&atilde;o: Livre<br />\r\n- Tipo de m&iacute;dia: Blu-ray</p>\r\n\r\n<p><strong><strong>Conte&uacute;do da Embalagem:</strong></strong><br />\r\n- 1x Blu-ray Game<br />\r\n- Manual</p>\r\n\r\n<p><strong><strong>ATEN&Ccedil;&Atilde;O!!! PARA GARANTIRMOS A SEGURAN&Ccedil;A E QUALIDADE DOS JOGOS POR N&Oacute;S FORNECIDOS, ESTE GAME N&Atilde;O PODER&Aacute; SER DEVOLVIDO AP&Oacute;S ABERTO, VISTO QUE TRATA-SE DE UM PRODUTO LACRADO.</strong></strong></p>\r\n\r\n<p><strong>Garantia</strong><br />\r\n3 meses de garantia<br />\r\n<br />\r\n<strong>Peso</strong><br />\r\n80 gramas (bruto com embalagem)</p>', 'S', 'pes2016.jpg', ''),
(12, 7, 61, 14, 'Cadeira Gamer DT3 Sports GTS Red', '10426.94', '9200.00', '<p>O DT3 Sports &eacute; projetada na Su&eacute;cia com caracter&iacute;sticas ergonomicamente amig&aacute;vel complementados por grosso estofamento de alta qualidade para as costas, bra&ccedil;os e assento que permitem a longas sess&otilde;es de jogos ou trabalhar sem fadiga irritante do corpo. A apar&ecirc;ncia &eacute; inspirada por campeonatos e est&aacute; dispon&iacute;vel em uma variedade de cores atraentes para expressar sua atitude vencedora.</p>', '<p><strong>Caracteristicas:&nbsp;</strong></p>\r\n\r\n<p>- Marca: DT3&nbsp;</p>\r\n\r\n<p>- Modelo: GTS&nbsp;</p>\r\n\r\n<p><strong>Especifica&ccedil;&otilde;es:&nbsp;</strong></p>\r\n\r\n<p>- Bra&ccedil;o almofadado, assento e encosto tamb&eacute;m.&nbsp;</p>\r\n\r\n<p>- Design ergon&ocirc;mico.&nbsp;</p>\r\n\r\n<p>- Couro sint&eacute;tico PU para facilitar a limpeza.&nbsp;</p>\r\n\r\n<p>- Rota&ccedil;&atilde;oo de giro de 360 graus.&nbsp;</p>\r\n\r\n<p>- Mola de g&acirc;s de altura ajust&aacute;vel.&nbsp;</p>\r\n\r\n<p>- Glaslift classe 4&nbsp;</p>\r\n\r\n<p>- Assento inclin&aacute;vel com fundo de bloqueio. (bloqueio fun&ccedil;&atilde;o funciona somente na posi&ccedil;&atilde;o vertical.)&nbsp;</p>\r\n\r\n<p>- Constru&ccedil;&atilde;o leve para f&aacute;cil movimenta&ccedil;&atilde;o.&nbsp;</p>\r\n\r\n<p>- Base de a&ccedil;o com pintura eletrost&aacute;tica&nbsp;</p>\r\n\r\n<p>- Rodas de alta resist&ecirc;ncia (50mm)&nbsp;</p>\r\n\r\n<p>- Aguenta at&eacute; 120kg&nbsp;</p>\r\n\r\n<p>- Rodas de Nylon&nbsp;</p>\r\n\r\n<p><strong>Dimens&otilde;es:&nbsp;</strong></p>\r\n\r\n<p>- Altura de encosto: 76 cm&nbsp;</p>\r\n\r\n<p>- Profundidade assento : 51 cm&nbsp;</p>\r\n\r\n<p>- Largura do assento: 53 cm&nbsp;</p>\r\n\r\n<p>- Altura de assento ajust&aacute;vel: 46-56 cm&nbsp;</p>\r\n\r\n<p><strong>Conte&uacute;do da Embalagem:&nbsp;</strong></p>\r\n\r\n<p>- 01 Cadeira Gamer DT3 GTS</p>\r\n\r\n<p><strong>Garantia</strong><br />\r\n12 meses de garantia<br />\r\n<br />\r\n<strong>Peso</strong><br />\r\n20700 gramas (bruto com embalagem)</p>', 'S', 'cadeira_dt3.jpg', ''),
(13, 7, 60, 15, 'Logitech Joystick USB Extreme 3D Pro Twist Handle PC - 963290-0403', '11046.94', '9100.00', '<p>Triunfe com um joystick que mant&eacute;m voc&ecirc; &agrave; frente do jogo. Excelentes controles personalizados para seu estilo de jogo &uacute;nico. Quando voc&ecirc; est&aacute; em um combate acrob&aacute;tico ou atacando de uma longa dist&acirc;ncia, o Logitech&reg; Extreme&trade; 3D Pro preciso e de alta estabilidade d&aacute; a voc&ecirc; a vantagem na competi&ccedil;&atilde;o.</p>', '<p><strong>Caracter&iacute;sticas:</strong><br />\r\n- Marca: Logitech<br />\r\n- Modelo: Extreme 3D Pro Twist Handle</p>\r\n\r\n<p><strong>Especifica&ccedil;&otilde;es:</strong><br />\r\n- Controle do leme precis&atilde;o tor&ccedil;&atilde;o<br />\r\n- 12 Bot&otilde;es Program&aacute;veis<br />\r\n- PV de 8-way<br />\r\n- Gatilho r&aacute;pido-fogo<br />\r\n- Aperto de m&atilde;o confort&aacute;vel<br />\r\n- Est&aacute;vel base, ponderada</p>\r\n\r\n<p><strong>Requisitos do sistema:</strong><br />\r\n- Windows &reg; 8, Windows 7 ou Windows Vista<br />\r\n- 70 MB de espa&ccedil;o em disco r&iacute;gido dispon&iacute;vel<br />\r\n- Porta USB<br />\r\n- Conex&atilde;o &agrave; Internet para download de software opcional</p>\r\n\r\n<p><strong>Conte&uacute;do da Embalagem:</strong><br />\r\n- 01 Joystick<br />\r\n- Manual do Usu&aacute;rio</p>\r\n\r\n<p><strong>Garantia</strong><br />\r\n12 meses de garantia<br />\r\n<br />\r\n<strong>Peso</strong><br />\r\n1274 gramas (bruto com embalagem)</p>', 'S', 'joystick2.jpg', ''),
(14, 5, 42, 16, 'Computador Lenovo 63 TW com Intel Core I3-4160 4GB 500GB Linux', '10146.94', '9010.00', '<p>O Desktop Lenovo 63 &eacute; uma m&aacute;quina robusta, de &oacute;timo custo/benef&iacute;cio e que vem com os recursos essenciais para ajudar no sucesso de seu neg&oacute;cio</p>', '<p><strong>Caracter&iacute;sticas:</strong></p>\r\n\r\n<p>- Marca: Lenovo</p>\r\n\r\n<p>- Modelo: 90AT005JBR</p>\r\n\r\n<p><strong>&nbsp;Especifica&ccedil;&otilde;es:&nbsp;</strong></p>\r\n\r\n<p>- Chipset Placa m&atilde;e: Intel H81&nbsp;</p>\r\n\r\n<p>- Slots PCIe X1: 02</p>\r\n\r\n<p>- Slots PCIe X16: 01</p>\r\n\r\n<p>- Placa de V&iacute;deo: Compartilhada - Intel HD Graphics</p>\r\n\r\n<p>- Drive &Oacute;ptico: DVD+RW Dual Layer</p>\r\n\r\n<p>- Rede: 10/100/1000 Mbps</p>\r\n\r\n<p>- Fonte: 180 watts</p>\r\n\r\n<p>- Gabinete: Mini Torre</p>\r\n\r\n<p>- Sistema Operacional: Free Dos</p>\r\n\r\n<p>- Dimens&otilde;es aproximadas: &nbsp;0,3 x 0,6 x 0,5 m</p>\r\n\r\n<p><strong>Processador:</strong></p>\r\n\r\n<p>- Intel Core i3</p>\r\n\r\n<p>- Modelo: 4160 - 3.6GHz</p>\r\n\r\n<p><strong>Disco R&iacute;gido:</strong></p>\r\n\r\n<p>- Capacidade: 500GB&nbsp;</p>\r\n\r\n<p>- Velocidade: 7200rpm&nbsp;</p>\r\n\r\n<p>- SATA III</p>\r\n\r\n<p><strong>Mem&oacute;ria:</strong></p>\r\n\r\n<p>- Tamanho: 4GB (1x4GB)</p>\r\n\r\n<p>- Tipo: DDR3 1600 Mhz</p>\r\n\r\n<p>- Tamanho m&aacute;ximo suportado: 16GB&nbsp;</p>\r\n\r\n<p><strong>Conex&otilde;es:</strong></p>\r\n\r\n<p>- USB 2.0: 04</p>\r\n\r\n<p>- USB 3.0: 2</p>\r\n\r\n<p>- VGA: 01</p>\r\n\r\n<p>- Serial: 01&nbsp;</p>\r\n\r\n<p>- Display port: 01&nbsp;</p>\r\n\r\n<p><strong>Teclado:</strong></p>\r\n\r\n<p>- Cor: Preto</p>\r\n\r\n<p>- Conex&atilde;o: USB 2.0</p>\r\n\r\n<p>- Padr&atilde;o: ABNT 2 + Teclado num&eacute;rico</p>\r\n\r\n<p>- Multim&iacute;dia</p>\r\n\r\n<p><strong>Mouse:</strong></p>\r\n\r\n<p>- Cor: Preto</p>\r\n\r\n<p>- Conex&atilde;o: USB 2.0</p>\r\n\r\n<p>- N&uacute;mero de Bot&otilde;es: 3&nbsp;</p>\r\n\r\n<p>- Tecnologia: &Oacute;ptico</p>\r\n\r\n<p><strong>Conte&uacute;do da Emblagem:</strong></p>\r\n\r\n<p>- 01 Computador Lenovo</p>\r\n\r\n<p>- 01 Teclado</p>\r\n\r\n<p>- 01 Mouse</p>\r\n\r\n<p>- Manual do Usu&aacute;rio</p>\r\n\r\n<p><br />\r\n<strong>Garantia</strong><br />\r\n12 meses de garantia<br />\r\n<br />\r\n<strong>Peso</strong><br />\r\n8400 gramas (bruto com embalagem)</p>', 'S', 'lenovo.jpg', ''),
(15, 5, 45, 17, 'Impressora Multifuncional Epson EcoTank c/ Wi-Fi - L565', '10346.94', '3900.00', '<p>Impressora Multifuncional Epson EcoTank c/ Wi-Fi - L565</p>', '<p><strong>Caracter&iacute;sticas:</strong><br />\r\n- Marca: Epson<br />\r\n- Modelo:&nbsp;L565<br />\r\n<br />\r\n<strong>Especifica&ccedil;&otilde;es:&nbsp;</strong><br />\r\n-&nbsp;Visor LCD 2,2&quot; - Mono<br />\r\n-&nbsp;Alimentador Autom&aacute;tico de Documentos<br />\r\n- Imprimir de um iPhone/iPod Touch/iPad<br />\r\n- Epson iPrint 2.0<br />\r\n- Email Print<br />\r\n- Air Print<br />\r\n- Google Cloud Print</p>\r\n\r\n<p><strong>Impressora:</strong><br />\r\n- Tecnologia de impress&atilde;o: Tecnologia exclusiva Epson Micropiezo<br />\r\n- Resolu&ccedil;&atilde;o m&aacute;xima de impress&atilde;o: 5760 x 1440 dpi<br />\r\n- Velocidade de impress&atilde;o: 33 ppm em preto e 15 ppm em cores<br />\r\n- Tamanho da gota: 3 picolitros&nbsp;<br />\r\n- Capacidade de Entrada do papel: 100 folhas de papel A4<br />\r\n- Capacidade de Sa&iacute;da do papel: 30 folhas de papel A4&nbsp;<br />\r\n-&nbsp;Impress&atilde;o Duplex: Manual<br />\r\n<br />\r\n<strong>Tipos de papel suportados:</strong>&nbsp;<br />\r\n- Comum, Pap&eacute;is Especiais Epson (Papel Matte, Glossy, Semi Glossy, High Quality Inkjet Paper)<br />\r\n<br />\r\n<strong>Tamanhos de papel suportados:&nbsp;</strong><br />\r\n- A4, A5, A6, B5, 10x15cm (4x6pol.), 13x18cm (5x7pol.), 9x13cm (3.5x5pol.), Carta (8 1/2x11pol.)<br />\r\n- Oficio (8 1/2x14pol.), Meia Carta (5 1/2x8 1/2pol.), 13x20cm (5x8pol.), 20x25cm (8x10pol.), 16:9 wide, 100x148 mm&nbsp;<br />\r\n- Envelopes: 10 (4 1/8x9 1/2pol.), DL (110x220mm), C6 (114x162mm)&nbsp;<br />\r\n<br />\r\n<strong>Scanner:</strong><br />\r\n- Resolu&ccedil;&atilde;o m&aacute;xima do scanner: 1200 x 2400 dpi<br />\r\n- Profundidade m&aacute;xima do scanner: 48-bit interna (24-bit externa)<br />\r\n- &Aacute;rea de escaneamento: 21,6 x 29,7 cm<br />\r\n- Velocidade m&aacute;xima de escaneamento: 2.4 ms/linha (mono), 9.5 ms/linha (cor)<br />\r\n- Digitaliza para PDF<br />\r\n- Tamanho das c&oacute;pias: Carta/ A4 ou 10 cm x 15 cm<br />\r\n- N&uacute;mero de C&oacute;pias: 1 ou 20<br />\r\n<br />\r\n<strong>Fax:</strong><br />\r\n- Linhas:&nbsp;PSTN (linhas de telefone geral)<br />\r\n- Velocidade de Transmiss&atilde;o:&nbsp;At&eacute; 33.6kbs (aprox. 3 segundos por p&aacute;gina)<br />\r\n- Discagem r&aacute;pida:&nbsp;At&eacute; 60 nomes e n&uacute;meros<br />\r\n- Mem&oacute;ria:&nbsp;At&eacute; 100 p&aacute;ginas (ITU-T No.1 chart)<br />\r\n- Resolu&ccedil;&atilde;o FAX:&nbsp;Fine: (200x200dpi), Photo: (200x200dpi)&nbsp;</p>\r\n\r\n<p><strong><strong>Conex&otilde;es:</strong>&nbsp;</strong><br />\r\n- USB 2.0&nbsp;<br />\r\n- Wi-Fi&nbsp;<br />\r\n- Ethernet&nbsp;&nbsp;<br />\r\n<br />\r\n<strong><strong>Compatibilidade:&nbsp;</strong></strong><br />\r\n- Windows XP/XP Professional x64 Edition/Vista/7/8/8.1<br />\r\n-&nbsp;Windows Server 2003/2003 x64 Edition/2003 R2/2003 R2 x64 Edition/2008/2008 R2/2012/2012 R2<br />\r\n- Mac OS X 10.6.8, 10.7.x, 10.8.x, 10.9.x<br />\r\n<br />\r\n<strong><strong>Cartuchos:&nbsp;</strong></strong><br />\r\n- Garrafa de Tinta - Preto: 664/ Magenta: 664 /&nbsp;Ciano: 664/ Amarelo: 664&nbsp;<br />\r\n<br />\r\n<strong><strong>Eletricidade:</strong></strong><br />\r\n- Voltagem: Bivolt<br />\r\n- Consumo el&eacute;trico: 11,0W em Opera&ccedil;&atilde;o / 1,6W em repouso&nbsp;<br />\r\n<br />\r\n<strong><strong>Conte&uacute;do da Embalagem:</strong></strong><br />\r\n- 01&nbsp;Impressora Multifuncional Epson EcoTank<br />\r\n- 01 Tinta Preta<br />\r\n- 01 Tinta Ciano<br />\r\n- 01 Tinta Amarela<br />\r\n- 01 Tinta Magenta<br />\r\n- 01 Cabo de For&ccedil;a<br />\r\n- 01 Manual do Usu&aacute;rio</p>\r\n\r\n<p><br />\r\n<strong>Garantia</strong><br />\r\n12 meses de garantia<br />\r\n<br />\r\n<strong>Peso</strong><br />\r\n8900 gramas (bruto com embalagem)</p>', 'S', 'epson_printer.jpg', ''),
(16, 5, 47, 16, 'Notebook Lenovo B40-70 com Intel Core i3-4005U, 4GB Windows 8 Pro, 14´', '14046.94', '4900.00', '<p>O notebook Lenovo B40 apresenta um design ainda mais aprimorado, mais fino e mais leve que seu antecessor, o B490, proporcionando uma maior mobilidade para que voc&ecirc; transporte facilmente seu notebook de casa para o trabalho e do trabalho para casa.</p>', '<p><strong>Caracter&iacute;sticas:</strong><br />\r\n- Marca:&nbsp;Lenovo<br />\r\n- Modelo:&nbsp;80F30006BR<br />\r\n<br />\r\n<strong>Especifica&ccedil;&otilde;es:</strong><br />\r\n- Cor: Preto<br />\r\n- Tamanho da Tela: 14&quot;&nbsp;<br />\r\n- Placa M&atilde;e Chipset: Intel<br />\r\n- Armazenamento: 500 GB<br />\r\n- Drive &Oacute;ptico:&nbsp;DVD+RW Dual Layer<br />\r\n- Leitor de Cart&otilde;es:&nbsp;4X1<br />\r\n- Leitor Biom&eacute;trico:&nbsp;Leitor de Impress&atilde;o Digital<br />\r\n- WebCam:&nbsp;1.0MP<br />\r\n- Rede:&nbsp;10/100/1000 Mbps<br />\r\n- Rede Wireless:&nbsp;Intel Wi-Fi 802.11b/g/n<br />\r\n- Bluetooth: 4.0<br />\r\n- Bateria:&nbsp;4 C&eacute;lulas Lithium Ion<br />\r\n- Sistema Operacional:&nbsp;Windows 8.1 Pro<br />\r\n<br />\r\n<strong>Processador:&nbsp;</strong><br />\r\n- Intel Core i3<br />\r\n- 4005U - 1.70GHz<br />\r\n<br />\r\n<strong>Mem&oacute;ria:</strong><br />\r\n- Tamanho: 4GB (1x4GB)<br />\r\n- Tipo: DDR3L 1600 Mhz<br />\r\n- Mem&oacute;ria M&aacute;xima: 16GB<br />\r\n<br />\r\n<strong>Placa de V&iacute;deo:&nbsp;</strong><br />\r\n- Compartilhada&nbsp;<br />\r\n- Intel HD 4400 Graphics&nbsp;<br />\r\n<br />\r\n<strong>Conex&otilde;es:</strong><br />\r\n- USB 2.0: 1<br />\r\n- Conx&otilde;es USB 3.0: 2&nbsp;<br />\r\n- Conex&otilde;es VGA: 1<br />\r\n- Conex&otilde;es HDMI: 1<br />\r\n<br />\r\n<strong>Conte&uacute;do da Embalagem:</strong><br />\r\n- 01 Notebook Lenovo B40-70&nbsp;</p>\r\n\r\n<p><br />\r\n<strong>Garantia</strong><br />\r\n12 meses de garantia<br />\r\n<br />\r\n<strong>Peso</strong><br />\r\n2860 gramas (bruto com embalagem)</p>', 'S', 'note_lenovo.jpg', 'S'),
(17, 5, 44, 17, 'Scanner Portátil Epson WorkForce DS-30', '12046.94', '9200.00', '<p>Agora &eacute; poss&iacute;vel levar seu scanner para qualquer lugar. O Scanner port&aacute;til DS-30 da Epson &eacute; pr&aacute;tico, leve e ideal para transportar para onde voc&ecirc; quiser!</p>', '<p><strong>Caracter&iacute;sticas:</strong><br />\r\n- Marca:&nbsp;Epson&nbsp;<br />\r\n- Modelo:&nbsp;DS-30&nbsp;<br />\r\n<br />\r\n<strong>Especifica&ccedil;&otilde;es:</strong><br />\r\n- Tipo de Scanner:&nbsp;Port&aacute;til<br />\r\n-&nbsp;Resolu&ccedil;&atilde;o &oacute;tica:&nbsp;600 dpi<br />\r\n-&nbsp;Profundidade de Bits:&nbsp;24 bits<br />\r\n-&nbsp;Conex&otilde;es:&nbsp;USB 2.0<br />\r\n-&nbsp;Velocidade de Digitaliza&ccedil;&atilde;o:&nbsp;Varia conforme op&ccedil;&atilde;o do usu&aacute;rio<br />\r\n-&nbsp;Tamanho M&aacute;ximo de Digitaliza&ccedil;&atilde;o:&nbsp;5.100 &times; 8.400 pixels a 600 ppp<br />\r\n-&nbsp;Resolu&ccedil;&atilde;o m&aacute;xima em preto: 600dpi<br />\r\n-&nbsp;Resolu&ccedil;&atilde;o m&aacute;xima em cores: 600dpi<br />\r\n-&nbsp;Tipo de papel: Digitaliza documentos desde A8 (5,3x7,3cm) at&eacute; A4 (21x29,7cm)<br />\r\n-&nbsp;Digitaliza Cart&otilde;es de Visita, Cart&otilde;es R&iacute;gidos (cart&atilde;o de cr&eacute;dito) e RGs<br />\r\n-&nbsp;Consumo: 2,5W<br />\r\n-&nbsp;Dimens&otilde;es (A x L x P):&nbsp;3,6 x 27,6 x 5 cm<br />\r\n<br />\r\n<strong>Sistema Operacional:&nbsp;</strong><br />\r\n-&nbsp;Windows 7<br />\r\n-&nbsp;Windows Vista<br />\r\n-&nbsp;Windows XP<br />\r\n-&nbsp;Windows 2000<br />\r\n-&nbsp;Mac OS X, 10.4.11, 10.5.8 - 10.6.x&nbsp;<br />\r\n-&nbsp;Linux<br />\r\n<br />\r\n<strong>Requisitos do Sistema:</strong><br />\r\n-&nbsp;Windows&reg; Intel Pentium&reg; II 450 MHz com 128MB RAM (512MB de mem&oacute;ria RAM para XP Professional x64 e Windows Vista&reg;) e 215MB de espa&ccedil;o livre em disco<br />\r\n<br />\r\n<strong>Conte&uacute;do da Embalagem:</strong><br />\r\n-&nbsp;01 Scanner<br />\r\n-&nbsp;01 Folha de Instru&ccedil;&atilde;o<br />\r\n-&nbsp;01 Cabo USB<br />\r\n-&nbsp;01 CD-ROM com Softwares<br />\r\n-&nbsp;Folhas de Manuten&ccedil;&atilde;o: Folha de Limpeza (&uacute;mida), Folha de Limpeza (seca), Folha de Calibra&ccedil;&atilde;o&nbsp;<br />\r\n-&nbsp;Estojo</p>\r\n\r\n<p><br />\r\n<strong>Garantia</strong><br />\r\n12 meses de garantia<br />\r\n<br />\r\n<strong>Peso</strong><br />\r\n720 gramas (bruto com embalagem)</p>', 'S', 'scanner.jpg', 'S');
INSERT INTO `produto` (`id_produto`, `id_categoria`, `id_subcategoria`, `id_fabricante`, `produto`, `preco_alto`, `preco`, `descricao`, `detalhes`, `ativo_produto`, `imagem`, `destaque`) VALUES
(18, 6, 48, 19, 'Câmera Digital Nikon Coolpix P610 Full HD 16 MP - Vermelho', '10426.94', '2900.00', '<p>Com a COOLPIX P610 e sua lente de zoom &oacute;tico de 60x ultrapotente, design de empunhadura superior, GPS, Wi-Fi embutido&reg;, tecnologia NFC** e mais capacidade de v&iacute;deo em Full HD, voc&ecirc; ter&aacute; um novo mundo de possibilidades. Compartilhes suas imagens em instantes. Gire a tela de &acirc;ngulo vari&aacute;vel, segure a COOLPIX P610 acima da cabe&ccedil;a e aumente o zoom para obter closes incr&iacute;veis durante shows. Depois pegue seu smartphone ou tablet compat&iacute;vel e veja a foto que acabou de tirar com a c&acirc;mera, bem na palma da sua m&atilde;o. Publique rapidamente no seu site favorito e veja as curtidas aparecerem. Quando estiver viajando, o GPS embutido grava as coordenadas de cada foto tirada. Para aqueles que querem o controle criativo, a COOLPIX P610 oferece o controle manual completo al&eacute;m de modos de disparo avan&ccedil;ados. E para os que preferem a simplicidade dos modos autom&aacute;ticos, estes tamb&eacute;m est&atilde;o dispon&iacute;veis na c&acirc;mera. Comece a compartilhar fotos e v&iacute;deos surpreendentes.</p>', '<p><strong><strong>Caracter&iacute;sticas:</strong></strong><br />\r\n- Marca: Nikon<br />\r\n- Modelo: P610</p>\r\n\r\n<p><strong><strong>Especifica&ccedil;&otilde;e:</strong></strong></p>\r\n\r\n<p><strong><strong>Tipo:</strong></strong><br />\r\n- C&acirc;mera Digital Compacta</p>\r\n\r\n<p><strong><strong>Sensor de imagem:</strong></strong><br />\r\n- Pixels Efetivos 16,0 milh&otilde;es<br />\r\n- Sensor de Imagem CMOS<br />\r\n- Tamanho do Sensor 1 / 2,3 pol.<br />\r\n- Total de Pixels 16,76 milh&otilde;es (aprox.)<br />\r\n- Tamanho da imagem (pixels) 4608x3456 (16 M)</p>\r\n\r\n<p><strong><strong>Lente:</strong></strong><br />\r\n- Cristal NIKKOR ED com Zoom &oacute;tico de 60x<br />\r\n- Dist&acirc;ncia focal da lente 4,3 a 258 mm (&acirc;ngulo de vis&atilde;o equivalente &agrave; lente de 24 a 1440 mm em formato de 35 mm [135])<br />\r\n- Lente f/-n&uacute;mero f/3.3-6.5<br />\r\n- Constru&ccedil;&atilde;o da Lente 16 elementos em 11 grupos<br />\r\n- Zoom da Lente 60 x<br />\r\n- Zoom Digital At&eacute; 4x (&acirc;ngulo de vis&atilde;o equivalente &agrave; lente de 5.760 mm em formato de 35 mm [135])<br />\r\n- Abertura: Diafragma com &iacute;ris de seis l&acirc;minas controlado eletronicamente</p>\r\n\r\n<p><strong><strong>Redu&ccedil;&atilde;o de Vibra&ccedil;&atilde;o:</strong></strong><br />\r\n- Estabilizador de lente VR da lente (fotografias est&aacute;ticas)&nbsp;<br />\r\n- Estabilizador de lente e VR eletr&ocirc;nico VR (v&iacute;deos)</p>\r\n\r\n<p><strong><strong>Visor:</strong></strong><br />\r\n- Visor eletr&ocirc;nico, 0,5 cm LCD equivalente a aprox. 921.000 pontos com a fun&ccedil;&atilde;o de ajuste de dioptria (-3 a + 3 m - 1)</p>\r\n\r\n<p><strong><strong>Monitor:</strong></strong><br />\r\n- Tamanho do Monitor 3,0 pol. na diagonal<br />\r\n- Tipo de Monitor &Acirc;ngulo Vari&aacute;vel LCD-TFT com Pel&iacute;cula antirreflexo&nbsp;<br />\r\n- Ajuste de brilho em 6 n&iacute;veis<br />\r\n- Resolu&ccedil;&atilde;o Monitor 921.000 pontos</p>\r\n\r\n<p>&nbsp;</p>\r\n\r\n<p><strong><strong>Cobertura do Quadro do Monitor (modo de disparo):</strong></strong><br />\r\n- 100% horizontal (aprox.) - (comparado com a imagem real)<br />\r\n- 100% vertical (aprox.) - (comparado com a imagem real)</p>\r\n\r\n<p><strong><strong>Cobertura do Quadro do Monitor (modo de reprodu&ccedil;&atilde;o):</strong></strong><br />\r\n- 100% horizontal (aprox.) - (comparado com a imagem real)<br />\r\n- 100% vertical (aprox.) - (comparado com a imagem real)</p>\r\n\r\n<p><strong><strong>M&iacute;dia de Armazenamento:</strong></strong><br />\r\n- Cart&atilde;o de mem&oacute;ria SD&nbsp;<br />\r\n- Cart&atilde;o de mem&oacute;ria SDHC&nbsp;<br />\r\n- Cart&atilde;o de mem&oacute;ria SDXC</p>\r\n\r\n<p><strong><strong>Sistema de Armazenamento de Arquivos:</strong></strong><br />\r\n- Em conformidade<br />\r\n- DCF&nbsp;<br />\r\n- EXIF 2.3</p>\r\n\r\n<p><strong><strong>Formatos de Armazenamento de Arquivos:</strong></strong><br />\r\n- Imagens est&aacute;ticas: JPEG&nbsp;<br />\r\n- V&iacute;deos: MOV (Video: MPEG-4 AVC/H.264, Audio: LPCM est&eacute;reo)</p>\r\n\r\n<p><strong><strong>V&iacute;deo:</strong></strong><br />\r\n- Full HD: 1920x1080/60p&nbsp;<br />\r\n- Full HD: 1920x1080/50p&nbsp;<br />\r\n- Full HD: 1920x1080/ 30p&nbsp;<br />\r\n- Full HD: 1920x1080/ 25p&nbsp;<br />\r\n- HD: 1280x720/60p&nbsp;<br />\r\n- HD: 1280x720/50p&nbsp;<br />\r\n- HD: 1280x720/ 30p&nbsp;<br />\r\n- HD: 1280x720/ 25p&nbsp;<br />\r\n- HS 1920x1080/ 15p&nbsp;<br />\r\n- HS 1280x720/50p&nbsp;<br />\r\n- HS 1280x720 /60p&nbsp;<br />\r\n- HS 1920x1080/ 12.5p&nbsp;<br />\r\n- HS 640x480/ 100p&nbsp;<br />\r\n- VGA 640x480/30p&nbsp;<br />\r\n- VGA 640x480/25p&nbsp;<br />\r\n- HS 640x480/ 120p</p>\r\n\r\n<p><strong><strong>Sensibilidade ISO:</strong></strong><br />\r\n- ISO 100 - 1600&nbsp;<br />\r\n- ISO 3200, 6400 (dispon&iacute;vel ao usar o modo P, S, A ou M)&nbsp;<br />\r\n- ISO Hi 1 (equivalente a ISO 12.800). Dispon&iacute;vel ao utilizar modo monocrom&aacute;tico de alto contraste em efeitos especiais<br />\r\n- Menor Sensibilidade ISO 100</p>\r\n\r\n<p><strong><strong>Fotometria da Exposi&ccedil;&atilde;o:</strong></strong><br />\r\n- Matriz&nbsp;<br />\r\n- Pondera&ccedil;&atilde;o Central&nbsp;<br />\r\n- Pontual</p>\r\n\r\n<p><strong><strong>Controle de Exposi&ccedil;&atilde;o:</strong></strong><br />\r\n- Exposi&ccedil;&atilde;o auto programada com programa flex&iacute;vel&nbsp;<br />\r\n- Prioridade de abertura autom&aacute;tica&nbsp;<br />\r\n- Bracketing de Exposi&ccedil;&atilde;o&nbsp;<br />\r\n- Manual&nbsp;<br />\r\n- Prioridade autom&aacute;tica do obturador&nbsp;<br />\r\n- Compensa&ccedil;&atilde;o de exposi&ccedil;&atilde;o (EV de -2,0 a +2,0 em etapas de 1/3 EV)</p>\r\n\r\n<p><strong><strong>Modos de Exposi&ccedil;&atilde;o:</strong></strong><br />\r\n- Autom&aacute;tico&nbsp;<br />\r\n- Cena&nbsp;<br />\r\n- Seletor Autom&aacute;tico de Cena&nbsp;<br />\r\n- Retrato Inteligente&nbsp;<br />\r\n- Efeitos Especiais</p>\r\n\r\n<p><strong><strong>Modos de Cena:</strong></strong><br />\r\n- Luz de Fundo&nbsp;<br />\r\n- Observa&ccedil;&atilde;o de p&aacute;ssaros&nbsp;<br />\r\n- Praia&nbsp;<br />\r\n- C&oacute;pia em Preto e Branco&nbsp;<br />\r\n- Close up&nbsp;<br />\r\n- Crep&uacute;sculo/Madrugada&nbsp;<br />\r\n- Panorama F&aacute;cil&nbsp;<br />\r\n- Show de Fogos de Artif&iacute;cio&nbsp;<br />\r\n- Alimentos&nbsp;<br />\r\n- Paisagem&nbsp;<br />\r\n- Lua&nbsp;<br />\r\n- Museu&nbsp;<br />\r\n- Paisagem Noturna&nbsp;<br />\r\n- Retrato Noturno&nbsp;<br />\r\n- Festa/Interior&nbsp;<br />\r\n- Retrato Animal de Estima&ccedil;&atilde;o&nbsp;<br />\r\n- Retrato&nbsp;<br />\r\n- Seletor Autom&aacute;tico de Cena&nbsp;<br />\r\n- Neve&nbsp;<br />\r\n- Esportes&nbsp;<br />\r\n- P&ocirc;r-do-sol</p>\r\n\r\n<p><strong><strong>Edi&ccedil;&atilde;o de Imagem em C&acirc;mera:</strong></strong><br />\r\n- Cortar&nbsp;<br />\r\n- D-Lighting&nbsp;<br />\r\n- Efeitos de Filtro&nbsp;<br />\r\n- Retoque R&aacute;pido&nbsp;<br />\r\n- Suaviza&ccedil;&atilde;o de Pele&nbsp;<br />\r\n- Imagem Reduzida</p>\r\n\r\n<p><strong><strong>Compensa&ccedil;&atilde;o de Exposi&ccedil;&atilde;o:</strong></strong><br />\r\n- EV de &plusmn;2 em passos de 1/3</p>\r\n\r\n<p><strong><strong>Balan&ccedil;o de Branco:</strong></strong><br />\r\n- Autom&aacute;tico&nbsp;<br />\r\n- Nublado&nbsp;<br />\r\n- Luz do dia&nbsp;<br />\r\n- Flash&nbsp;<br />\r\n- Fluorescente&nbsp;<br />\r\n- Incandescente&nbsp;<br />\r\n- Pr&eacute;-ajuste do Balan&ccedil;o de Branco</p>\r\n\r\n<p><strong><strong>Obturador:</strong></strong><br />\r\n- Obturador mec&acirc;nico-eletr&ocirc;nico CMOS</p>\r\n\r\n<p><strong><strong>Velocidade do Obturador:</strong></strong><br />\r\n- 1/4000 - 1 s&nbsp;<br />\r\n- 1/4000 - 15 s (quando ISSO &eacute; configurado em 100 e c&acirc;mera em Modo M e a abertura est&aacute; entre f/7.6</p>\r\n\r\n<p><strong><strong>Velocidade M&aacute;xima de Disparo Cont&iacute;nuo com Resolu&ccedil;&atilde;o Total:</strong></strong><br />\r\n- At&eacute; 7 disparos de approx. 7 frames per second</p>\r\n\r\n<p><strong><strong>Op&ccedil;&otilde;es de Disparo Cont&iacute;nuo Seletor de Melhor Foto:</strong></strong><br />\r\n- H Cont&iacute;nuo&nbsp;<br />\r\n- H 60 Cont&iacute;nuo&nbsp;<br />\r\n- H 120 Cont&iacute;nuo&nbsp;<br />\r\n- L Cont&iacute;nuo&nbsp;<br />\r\n- V&aacute;rios disparos 16&nbsp;<br />\r\n- Cache pr&eacute;-grava&ccedil;&atilde;o&nbsp;<br />\r\n- &Uacute;nico</p>\r\n\r\n<p><strong><strong>Temporizador autom&aacute;tico:</strong></strong><br />\r\n- Pode ser selecionado com dura&ccedil;&atilde;o de 10 ou 2 segundos</p>\r\n\r\n<p><strong><strong>Flash:</strong></strong><br />\r\n- Alcance (aprox.) do Flash embutido (Sensibilidade ISO: Autom&aacute;tico): [W]: 0,5 a 7,5 m / [T]: 2,0 a 4,0 m<br />\r\n- Controle do Flash Embutido: Flash autom&aacute;tico TTL com monitor pr&eacute;-flash<br />\r\n- Flash Embutido</p>\r\n\r\n<p><strong><strong>Interface:</strong></strong><br />\r\n- USB de alta velocidade<br />\r\n- Protocolo de transfer&ecirc;ncia de dados da interface MTP / PTP<br />\r\n- Sa&iacute;da HDMI HDMI micro connector (Type D)<br />\r\n- Terminal de E/S E/S Digital (USB)<br />\r\n- Funcionalidade Wi-Fi<br />\r\n- GPS Embutido</p>\r\n\r\n<p><strong><strong>Pot&ecirc;ncia:</strong></strong><br />\r\n- Fontes de alimenta&ccedil;&atilde;o Uma Bateria Recarreg&aacute;vel de Li-ion EN-EL23 (fornecida)&nbsp;<br />\r\n- Adaptador AC EH-67A (dispon&iacute;vel separadamente)<br />\r\n- Tempo de carga 3 horas (usando o Adaptador/Carregador AC EH-71P e quando n&atilde;o tiver nenhuma carga remanescente) (Aprox.)<br />\r\n- Bateria/Baterias Bateria recarreg&aacute;vel de &iacute;ons de L&iacute;tio EN-EL23</p>\r\n\r\n<p><strong><strong>Rosca do Trip&eacute;:</strong></strong><br />\r\n- &frac14; (ISO 1222)<br />\r\n<br />\r\n<strong>Conte&uacute;do da Embalagem:</strong><br />\r\n- 01 C&acirc;mera Digital Nikon Coolpix P610<br />\r\n- 01 Bateria recarreg&aacute;vel<br />\r\n- 01 Adaptador / Carregador AC<br />\r\n- 01 Al&ccedil;a<br />\r\n- 01 Cabo USB<br />\r\n- 01 Tampa da Lente</p>\r\n\r\n<p><br />\r\n<strong>Garantia</strong><br />\r\n12 meses de garantia<br />\r\n<br />\r\n<strong>Peso</strong><br />\r\n945 gramas (bruto com embalagem)</p>', 'S', 'nikon01.jpg', ''),
(19, 6, 48, 18, 'Câmera Digital Sony WX200 Rosa 18.2 MP, LCD de 2,7', '11046.94', '9100.00', '<p>A Sony DSC-WX200 &eacute; perfeita para voc&ecirc; ir al&eacute;m e, atrav&eacute;s do Wi-Fi integrado, se conectar com outros dispositivos como Smartphone, televisores, tablets e computadores, tornando sua experi&ecirc;ncia de fotografia ainda mais din&acirc;mica.</p>', '<p><strong>Caracter&iacute;sticas:</strong><br />\r\n- Marca: Sony<br />\r\n- Modelo:&nbsp;WX200&nbsp;<br />\r\n<br />\r\n<strong>Especifica&ccedil;&otilde;es</strong>:&nbsp;<br />\r\n- Zoom &oacute;ptico: 10 x<br />\r\n- Zoom Clear Imagem: &nbsp;18 MP Aprox. 20x / 10 MP Aprox. 26x / 5 MP Aprox. 37x / VGA Aprox. 153x / 13 MP (16:9) Aprox. 20x / 2 MP (16:9) Aprox. 51x<br />\r\n- Zoom Digital:&nbsp;18 MP Aprox. 40x / 10 MP Aprox. 53x / 5 MP Aprox. 75x / VGA Aprox. 153x / 13 MP (16:9) Aprox. 40x / 2 MP (16:9) Aprox. 102x<br />\r\n- F:&nbsp;3,3-5,9<br />\r\n- Dist&acirc;ncia de Focagem (F=MM):&nbsp;4,45-44,5<br />\r\n- Dist&acirc;ncia de Focagem (F=Convers&atilde;o 35mm):&nbsp;25 - 250<br />\r\n- Sony G<br />\r\n- Macro (cm):&nbsp;iAuto: AF (Grande angular: aprox. 5 cm (0,16&quot;) infinito; Teleobjectiva: aprox. 150 cm (4,92&quot;) infinito)/Programa autom&aacute;tico: AF (Grande angular: aprox. 5 cm (0,16&quot;) infinito; Teleobjectiva: aprox. 150 cm (4,92&quot;) infinito)<br />\r\n<br />\r\n<strong>CCD:</strong><br />\r\n- Tipo CCD:&nbsp;Sensor CMOS Exmor R<br />\r\n- Dimens&otilde;es:&nbsp;Tipo 1/2,3 (7,76 mm)<br />\r\n<br />\r\n<strong>Wi-Fi:&nbsp;</strong><br />\r\n- Controle com Smartphone<br />\r\n- Envio para Smartphone<br />\r\n- Eye-Fi<br />\r\n<br />\r\n<strong>C&acirc;mera:</strong><br />\r\n- Pixeis efectivos (mega pixeis):&nbsp;Aprox. 18,2<br />\r\n- Processador Bionz<br />\r\n- Detec&ccedil;&atilde;o de Faces<br />\r\n- Modo de Pele suave<br />\r\n- Desfocagem de fundo<br />\r\n- Correc&ccedil;&atilde;o da Retroilumina&ccedil;&atilde;o<br />\r\n- Efeitos de imagem:&nbsp;Pintura HDR, Mono. tons ricos, Miniatura, C&acirc;mara brinquedo, Sair Cor, Cor Parcial, Tecla alta Suave, Aquarela, Ilustra&ccedil;&atilde;o<br />\r\n- Intelligent Sweep Panorama:&nbsp;compat&iacute;vel com formato 360<br />\r\n- Sweep Panorama subaqu&aacute;tico<br />\r\n- &Aacute;rea de Focagem autom&aacute;tica (Multi-ponto)<br />\r\n- &Aacute;rea de Focagem autom&aacute;tica (Ponto central)<br />\r\n- Modo autom&aacute;tico de abertura:&nbsp;iAuto (F3.3/F8.0 (Grande angular), 2 passos com filtro de densidade neutra - ND) / Programa autom&aacute;tico (F3.3/F8.0 (Grande angular), 2 passos com filtro de densidade neutra - ND)<br />\r\n- Modo autom&aacute;tico de velocidade do obturador (seg):&nbsp;iAuto (4&quot; - 1/1600) / Programa autom&aacute;tico (1&quot; - 1/1600)<br />\r\n- Equil&iacute;brio de Brancos:&nbsp;Autom&aacute;tico, Luz do dia, Nublado, Fluorescente 1, Fluorescente 2, Fluorescente 3, Incandescente, Flash, Um toque, Configura&ccedil;&atilde;o de um toque, Subaqu&aacute;tico<br />\r\n- Equil&iacute;brio de Brancos autom&aacute;tico<br />\r\n- Medi&ccedil;&atilde;o da luz (multi-padr&atilde;o, ponto central, ponto)<br />\r\n- Sensibilidade ISO (REI):&nbsp;Auto / 100 / 200 / 400 / 800 / 1600 / 3200 / 6400 / 12800<br />\r\n- Sele&ccedil;&atilde;o de Cenas:&nbsp;Condi&ccedil;&otilde;es suaves / Modo de pele suave / Desfocagem anti-movimento / Corre&ccedil;&atilde;o da retroilumina&ccedil;&atilde;o HDR / Retrato noturno / Cena noturna / Elevada sensibilidade / Handheld Twilight / Praia / Neve / Fogo-de-artif&iacute;cio / Gourmet / Animais / Paisagem / Subaqu&aacute;tico<br />\r\n<br />\r\n<strong>SteadyShot:</strong><br />\r\n- Capacidade para steadyshot<br />\r\n- Capacidade para steadyshot &oacute;ptico<br />\r\n<br />\r\n<strong>Sistema de focagem autom&aacute;tica:</strong><br />\r\n- Iluminador AF:&nbsp;Auto / Desligado&nbsp;<br />\r\n<br />\r\n<strong>Flash incorporado:</strong><br />\r\n- Modo Flash:&nbsp;Autom&aacute;tico / Flash ligado / Sincroniza&ccedil;&atilde;o lenta / Flash desligado / Flash avan&ccedil;ado<br />\r\n- Corre&ccedil;&atilde;o do efeito de olhos vermelhos:&nbsp;Auto / Desligar / Desligar<br />\r\n- Limita&ccedil;&otilde;es de dist&acirc;ncia usuando o Flash (m):&nbsp;ISO Auto: Aprox. 0,2 a 3,7 m (7 7/8&quot; a 12 ft 1 3/4&quot; - Grande angular) / Aprox. 1,5 a 2,2 m (4 ft 11 1/8&quot; a 7 ft 2 5/8&quot; - Teleobjectiva), ISO3200: at&eacute; Aprox. 5,9 m (19 ft 4 3/8&quot;)(Grande angular) / Aprox. 3,4 m (11 ft 1 7/8&quot;)(Teleobjetiva)<br />\r\n<br />\r\n<strong>LCD / Visor eletronico:</strong>&nbsp;<br />\r\n- Tamanho do Ecr&acirc; LCD (polegadas):&nbsp;6,7 cm (tipo 2.7)<br />\r\n- N&uacute;mero total de pontos do LCD:&nbsp;460 800<br />\r\n- Tipo de Monitor LCD:&nbsp;TFT ClearPhoto<br />\r\n<br />\r\n<strong>Grava&ccedil;&atilde;o:</strong><br />\r\n- Suporte de Grava&ccedil;&atilde;o:&nbsp;Memory Stick&trade; Duo / Memory Stick PRO Duo&trade; / Memory Stick PRO Duo&trade; (alta velocidade) / Memory Stick PRO HG Duo&trade; / Memory Stick XC-HG Duo&trade; / Memory Stick Micro* / Memory Stick Micro (Mark 2)<br />\r\n- Suporte de Grava&ccedil;&atilde;o II:&nbsp;Cart&atilde;o de mem&oacute;ria SD / Cart&atilde;o de mem&oacute;ria SDHC / Cart&atilde;o de mem&oacute;ria SDXC / Cart&atilde;o de mem&oacute;ria microSD* / Cart&atilde;o de mem&oacute;ria microSDHC* / Cart&atilde;o de mem&oacute;ria microSDXC<br />\r\n- Formato de Grava&ccedil;&atilde;o: JPEG<br />\r\n- DCF (Regulamentos de Design para sistemas de ficheiros para C&acirc;maras)<br />\r\n- DPOF (Formato de ordem de impress&atilde;o digital)<br />\r\n- Modo Burst (fotografias): Aprox. 10 fps<br />\r\n- Intervalo Burst (Aproximadamente Seg.):&nbsp;Aprox. 0,1 seg. (10 fotografias)<br />\r\n- Dimens&otilde;es da fotografia: 18MP 4896 x 3672 /&nbsp;10 MP 3648 x 2736 /&nbsp;VGA, 640 x 480 /&nbsp;MODO 16:9, 4896 x 2752&nbsp;<br />\r\n- Panorama 2D:&nbsp;360&deg;(11 520 x 1080) / HR (10 480 x 4096) / Grande angular (7152 x 1080/4912 x 1920) / Standard (4912 x 1080/3424 x 1920)<br />\r\n- Modo 3D:&nbsp;Modo 4:3: 18 MP (4896 x 3672) / modo 16:9: 13 MP (4896 x 2752)<br />\r\n<br />\r\n<strong>Reprodu&ccedil;&atilde;o / Edi&ccedil;&atilde;o:</strong>&nbsp;&nbsp;<br />\r\n- Reprodu&ccedil;&atilde;o HD (Alta Defini&ccedil;&atilde;o):&nbsp;Menos de 18 MP (4896 x 3672)<br />\r\n- Reprodu&ccedil;&atilde;o de SlideShow<br />\r\n- Slidshow com m&uacute;sica<br />\r\n- Filme em slideshow<br />\r\n- Zoom em reprodu&ccedil;&atilde;o: 8x<br />\r\n- Reprodu&ccedil;&atilde;o N&iacute;tida:&nbsp;16 / 25 imagens<br />\r\n- Rota&ccedil;&atilde;o autom&aacute;tica da imagem&nbsp;<br />\r\n<br />\r\n<strong>Tomadas:</strong><br />\r\n- Terminal Multi-uso com HD:&nbsp;Multi Terminal, USB de alta velocidade (USB 2.0), Micro HDMI<br />\r\n- Terminal Multi-Fun&ccedil;&otilde;es<br />\r\n- Alta velocidade USB 2.0<br />\r\n<br />\r\n<strong>Corrente / Outros:</strong><br />\r\n- Bateria: L&iacute;tio N<br />\r\n- Bateria Fornecida: NP- BN<br />\r\n- Stamina&nbsp;(Dura&ccedil;&atilde;o da Bateria) com a bateria fornecida em condi&ccedil;&otilde;es de filmagem normais:&nbsp;Aprox. 220 / Aprox. 110 min.<br />\r\n<br />\r\n<strong>Conte&uacute;do da embalagem:</strong><br />\r\n- 01&nbsp;C&acirc;mera Digital Sony WX200 &nbsp;<br />\r\n- 01&nbsp;Bateria recarreg&aacute;vel (NP-BN)<br />\r\n- 01 Transformador CA (AC-UB10/UB10B)<br />\r\n- 01 Cabo Micro USB<br />\r\n- 01 Manual de instru&ccedil;&otilde;es&nbsp;&nbsp;</p>\r\n\r\n<p><br />\r\n<strong>Garantia</strong><br />\r\n12 meses de garantia<br />\r\n<br />\r\n<strong>Peso</strong><br />\r\n345 gramas (bruto com embalagem)</p>', 'S', 'cam_sony01.jpg', 'S'),
(20, 6, 48, 20, 'Câmera Digital Canon PowerShot SX520HS, 16.1MP, Zoom Óptico 42x', '11046.94', '9100.00', '<p>Uma c&acirc;mara vers&aacute;til e ultraport&aacute;til com zoom de 42x que capta todas as situa&ccedil;&otilde;es num detalhe excelente. Desfrute de maior facilidade ou melhore as suas capacidades fotogr&aacute;ficas e exprima-se com controlo criativo.</p>', '<p><strong>Caracter&iacute;sticas:</strong><br />\r\n- Marca: Canon<br />\r\n- Modelo: SX520HS</p>\r\n\r\n<p><strong>Especifica&ccedil;&otilde;es:</strong></p>\r\n\r\n<p><strong>Sensor de Imagem:</strong><br />\r\n- Tipo: CMOS tipo 1/2,3&quot; com retroilumina&ccedil;&atilde;o<br />\r\n- Pixels Efetivos: Aprox. 16.0M<br />\r\n- Total pixels: Aprox. 16,8 M<br />\r\n- Tipo do Filtro de Cores: Cor Prim&aacute;ria</p>\r\n\r\n<p><strong>Processador de Imagem:</strong><br />\r\n- Tipo: DIGIC 4+ com tecnologia iSAPS</p>\r\n\r\n<p><strong>Objetiva:</strong><br />\r\n- Dist&acirc;ncia Focal: 4,3 &ndash; 180,6 mm (equivalente a 35 mm: 24 &ndash; 1008 mm)<br />\r\n- Zoom: &Oacute;tico de 42x&nbsp;<br />\r\n- Zoom: Plus de 84x<br />\r\n- Digital aprox. 4x (com Teleconversor Digital aprox. 1,6x - 2,0x &sup1;). Combinado aprox. 168x<br />\r\n- N&uacute;mero f m&aacute;ximo: f/3,4 - f/6,0<br />\r\n- Constru&ccedil;&atilde;o: 13 elementos em 10 grupos (3 objetivas UD, 1 lente asf&eacute;rica nas duas faces)<br />\r\n- Estabiliza&ccedil;&atilde;o de Imagem: (tipo intermut&aacute;vel), aprox. 2,5 pontos &sup1;. Intelligent IS com estabilizador de imagem din&acirc;mico melhorado de 5 eixos</p>\r\n\r\n<p><strong>Focagem:</strong><br />\r\n- Tipo: TTL<br />\r\n- Sistema/Pontos AF: AiAF (Dete&ccedil;&atilde;o de Rosto / 9 pontos), AF de 1 ponto (fixo ao centro)<br />\r\n- Modos AF: &Uacute;nico, Cont&iacute;nuo, Servo AF/AE&sup1;, Acompanhamento AF<br />\r\n- Sele&ccedil;&atilde;o de Ponto AF: Tamanho (Normal, Pequeno)<br />\r\n- Bloqueio AF<br />\r\n- Luz Auxiliar AF<br />\r\n- Focagem Manual<br />\r\n- Menor dist&acirc;ncia de focagem: 0 cm (W) a partir da parte da frente da objetiva em macro</p>\r\n\r\n<p><strong>Controle da Exposi&ccedil;&atilde;o:</strong><br />\r\n- Modos de medi&ccedil;&atilde;o: Matricial (ligada &agrave; moldura AF de Dete&ccedil;&atilde;o de Rosto), Ponderada com predomin&acirc;ncia ao centro, Pontual (centro)<br />\r\n- Bloqueio AE<br />\r\n- Compensa&ccedil;&atilde;o da Exposi&ccedil;&atilde;o: +/-2 EV em incrementos de 1/3 pontos<br />\r\n- i-Contrast melhorado para corre&ccedil;&atilde;o autom&aacute;tica do intervalo din&acirc;mico<br />\r\n- Sensibilidade ISO: AUTO, 100, 200, 400, 800, 1600, 3200</p>\r\n\r\n<p><strong>Equilibrio de Branco:</strong><br />\r\n- Tipo: TTL<br />\r\n- Defini&ccedil;&otilde;es: Auto (incluindo WB com Dete&ccedil;&atilde;o de Rosto), Luz do dia, Nublado, Tungst&eacute;nio, Fluorescente, Fluorescente H, Personalizado</p>\r\n\r\n<p><strong>Matriz de Cores:</strong><br />\r\n- Tipo: sRGB</p>\r\n\r\n<p><strong>LCD:</strong><br />\r\n- Monitor: TFT de 7,5 cm (3,0&rdquo;), aprox. 461 000 pontos<br />\r\n- Cobertura Aproximada: 100%<br />\r\n- Brilho: Ajust&aacute;vel a um de cinco n&iacute;veis. LCD Quick-bright</p>\r\n\r\n<p><strong>Flash:</strong><br />\r\n- Modos: Auto, Flash Manual Ligado/Desligado, Sincroniza&ccedil;&atilde;o Lenta<br />\r\n- Velocidade de Sincroniza&ccedil;&atilde;o Lenta: Velocidade mais elevada 1/2000 seg.<br />\r\n- Redu&ccedil;&atilde;o do Efeito de Olhos Vermelhos<br />\r\n- Compensa&ccedil;&atilde;o da Exposi&ccedil;&atilde;o do Flash: +/- 2 EV em incrementos de 1/3 pontos. FE com Dete&ccedil;&atilde;o de Rosto. FE de Seguran&ccedil;a, Exposi&ccedil;&atilde;o com Flash Inteligente<br />\r\n- Bloqueio de Exposi&ccedil;&atilde;o do Flash<br />\r\n- Ajuste Manual de Pot&ecirc;ncia: 3 n&iacute;veis com flash incorporado<br />\r\n- Alcance do Flash Incorporado: 50 cm &ndash; 5,5 m (GA)/1,3 m &ndash; 3,0 m (T)<br />\r\n- Flash Externo: Flash de Alta Pot&ecirc;ncia HF-DC2 da Canon</p>\r\n\r\n<p><strong>Disparar:</strong><br />\r\n- Modos: Smart Auto (32 cenas detetadas), Programa AE, Prioridade ao obturador AE, Prioridade &agrave; abertura AE, Manual, Hybrid Auto, Live View Control, Disparos criativos, SCN (Retrato, Obturador Inteligente (Dete&ccedil;&atilde;o de sorrisos, Temporizador de piscar de olhos, Temporizador de rosto), Sequ&ecirc;ncia de disparos a alta velocidade (4,0 MP), Pouca luz, Neve, Fogo de artif&iacute;cio), Filtros Criativos (Efeito Olho de Peixe, Efeito Miniatura, Efeito Toy Camera, Monocrom&aacute;tico, Super Vivas, Efeito Poster), Filme<br />\r\n- Modos em filme: Smart Auto (21 cenas detetadas), Normal, Programa AE, Retrato, Efeito Miniatura, Monocrom&aacute;tico, Super Vivas, Efeito Poster, Neve, Fogo de Artif&iacute;cio<br />\r\n- Efeitos Fotogr&aacute;ficos: Minhas Cores (Minhas Cores Off, Cores Vivas, Neutro, S&eacute;pia, Preto e Branco, Pel&iacute;cula Positiva, Tom de Pele Claro, Tom de Pele Escuro, Azul Vivo, Verde Vivo, Vermelho Vivo, Cor Personalizada<br />\r\n- Modos de avan&ccedil;o: Individual, Cont&iacute;nuo, Temporizador<br />\r\n- Disparo Cont&iacute;nuo: Aprox. 1,6 disparos/seg. (at&eacute; o cart&atilde;o de mem&oacute;ria ficar cheio) / Sequ&ecirc;ncia de disparos de alta velocidade (4,0 MP): 10 disparos/seg., at&eacute; 117 disparos</p>\r\n\r\n<p><strong>Resolu&ccedil;&atilde;o / Compress&atilde;o:</strong><br />\r\n- Redimensionar na reprodu&ccedil;&atilde;o (M2, S)<br />\r\n- Compress&atilde;o: Superfina, Fina<br />\r\n- Filmes: (Full HD) 1920 x 1080, 30 fps, (HD) 1280 x 720, 30 fps, (L) 640 x 480, 30 fps<br />\r\n- Efeito Miniatura: (HD, L) 6 fps, 3 fps, 1,5 fps&nbsp;<br />\r\n- Hybrid Auto: (HD) 30 fps<br />\r\n- Dura&ccedil;&atilde;o do Filme: (Full HD e HD) At&eacute; 4 GB ou 29 min. 59 seg / (L) At&eacute; 4 GB ou 1 hora</p>\r\n\r\n<p><strong>Tamanho da Imagm:</strong><br />\r\n- 4:3 - (L) 4608 x 3456, (M1) 3264 x 2448, (M2) 2048 x 1536, (S) 640 x 480<br />\r\n- 16:9 - (L) 4608 x 2592, (M1) 3264 x 1832, (M2) 1920 x 1080, (S) 640 x 360<br />\r\n- 3:2 - (L) 4608 x 3072, (M1) 3264 x 2176, (M2) 2048 x 1368, (S) 640 x 424<br />\r\n- 1:1 - (L) 3456 x 3456, (M1) 2448 x 2448, (M2) 1536 x 1536, (S) 480 x 480</p>\r\n\r\n<p><strong>Tipos de Ficheiros:</strong><br />\r\n- Tipo de Imagem Fixa: Compress&atilde;o JPEG, (compat&iacute;vel com Exif 2.3 [Exif Print]) / compat&iacute;vel com Design rule for Camera File system e Digital Print Order Format [DPOF] Vers&atilde;o 1.1<br />\r\n- Filmes: MOV [V&iacute;deo: MPEG4-AVC (H.264), &Aacute;udio: Linear PCM (est&eacute;reo)]</p>\r\n\r\n<p><strong>Impress&atilde;o Direta:</strong><br />\r\n- Impressoras Canon: Impressoras Fotogr&aacute;ficas Compactas SELPHY e Impressoras Inkjet da Canon que suportem PictBridge<br />\r\n- PictBridge</p>\r\n\r\n<p><strong>Interface:</strong><br />\r\n- Computador: Conetor DIGITAL Hi-Speed USB (MTP, PTP)<br />\r\n- Outro: Miniconetor HDMI<br />\r\n- Sa&iacute;da A/V (PAL/NTSC)</p>\r\n\r\n<p><strong>Cart&atilde;o de Mem&oacute;ria:</strong><br />\r\n- Compat&iacute;veis: SD, SDHC, SDXC</p>\r\n\r\n<p><strong>Sistema Operacional:</strong><br />\r\n- Windows 8 / 8.1 / 7 SP1<br />\r\n- Mac OS X 10.8 / 10.9</p>\r\n\r\n<p><strong>Fonte de Alimenta&ccedil;&atilde;o:</strong><br />\r\n- Bateria de ions de l&iacute;tio recarreg&aacute;vel NB-6LH (bateria e carregador fornecidos)<br />\r\n- Vida &uacute;til da bateria: Aprox. 210 disparos&nbsp;<br />\r\n- Modo eco: aprox. 290 disparos<br />\r\n- Aprox. 300 min de reprodu&ccedil;&atilde;o</p>\r\n\r\n<p><strong>Obturador:</strong><br />\r\n- Velocidade: 1 &ndash; 1/2000 seg. (predefini&ccedil;&atilde;o de f&aacute;brica)&nbsp;<br />\r\n- Velocidade: 15 &ndash; 1/2000 seg. (alcance total - varia consoante o modo de disparo)</p>\r\n\r\n<p><strong>Informa&ccedil;&otilde;es Adicionais:</strong><br />\r\n- Uma c&acirc;mara compacta e vers&aacute;til para casa ou em viagem<br />\r\n- Resultados de alta de qualidade que vai ter orgulho em partilhar<br />\r\n- Capte facilmente todos os seus momentos especiais, de dia ou de noite<br />\r\n- Experimente e divirta-se com o controlo criativo<br />\r\n- Excelentes filmes Full HD na ponta dos seus dedos</p>\r\n\r\n<p><strong>Conte&uacute;do da Embalagem:</strong><br />\r\n- 01 PowerShot SX520HS<br />\r\n- 01 Correia de pesco&ccedil;o<br />\r\n- 01 Tampa da objetiva<br />\r\n- 01 Bateria<br />\r\n- 01 Carregador de bateria<br />\r\n- 01 Kit de manual de utilizador</p>\r\n\r\n<p><br />\r\n<strong>Garantia</strong><br />\r\n12 meses de garantia<br />\r\n<br />\r\n<strong>Peso</strong><br />\r\n780 gramas (bruto com embalagem)</p>', 'S', 'canon01.jpg', ''),
(21, 6, 48, 19, 'Câmera Digital Coolpix S5300 16MP, LCD 3, Zoom Óptico 8x', '21046.94', '9200.00', '<p>Tirar fotos com o seu smartphone &eacute; conveniente, mas ser&aacute; que essas fotos s&atilde;o boas o suficiente para guardar momentos especiais? A COOLPIX S5300 captura fotografias e v&iacute;deos em Full HD de 1080/60i fant&aacute;sticos. Fotos precisas em baixa luminosidade e de a&ccedil;&atilde;o, close-ups detalhados e muito mais, e &eacute; poss&iacute;vel compartilhar imediatamente com seu smartphone! Amplie o zoom com a pot&ecirc;ncia de uma genu&iacute;na lente de cristal NIKKOR com zoom &oacute;ptico de 8x e 16x de Zoom de Ajuste Fino Din&acirc;mico; e se surpreenda quando sua foto aparecer imediatamente no seu smartphone ou tablet compat&iacute;vel, para f&aacute;cil compartilhamento por e-mail, mensagem de texto ou carregamento em seus sites favoritos. &Eacute; poss&iacute;vel tamb&eacute;m usar seu smartphone ou tablet para tirar fotos com a COOLPIX S5300, o que &eacute; perfeito para autorretratos e fotos de grupo que incluem voc&ecirc;! Grandes momentos precisam ser compartilhados e a COOLPIX S5300 torna f&aacute;cil compartilhar.</p>', '<p><strong>Caracter&iacute;sticas:</strong><br />\r\n- Marca:&nbsp;Nikon&nbsp;<br />\r\n- Modelo:&nbsp;Coolpix S5300<br />\r\n<br />\r\n<strong>Especifica&ccedil;&otilde;es:</strong><br />\r\n<br />\r\n<strong>Sensor de imagem:</strong><br />\r\n- Pixels Efetivos: 16.0 milh&otilde;es<br />\r\n-&nbsp;Sensor de Imagem: CMOS<br />\r\n-&nbsp;Tamanho do Sensor: 1/2.3 pol.<br />\r\n-&nbsp;Total de Pixels: 16.76 milh&otilde;es (aprox.)<br />\r\n-&nbsp;Tamanho da imagem (pixels): 4608 x 3456 (16 M)<br />\r\n<br />\r\n<strong>Lente:</strong><br />\r\n- Lente: Lente NIKKOR com zoom &oacute;tico de 8x<br />\r\n-&nbsp;Dist&acirc;ncia focal da lente: 4,6 mm a 27,6 mm (&acirc;ngulo de vis&atilde;o equivalente ao da lente de 26 mm a 156 mm no formato 35 mm [135])<br />\r\n-&nbsp;Lente f/-n&uacute;mero f/3.7-6.6<br />\r\n-&nbsp;Constru&ccedil;&atilde;o da lente: 8 elementos em 7 grupos<br />\r\n-&nbsp;Zoom da Lente: 8x<br />\r\n-&nbsp;Zoom Digital: At&eacute; 4x (&acirc;ngulo de vis&atilde;o equivalente ao da lente de aproximadamente 800 mm no formato 35 mm [135])<br />\r\n-&nbsp;Redu&ccedil;&atilde;o de Vibra&ccedil;&atilde;o: Estabilizador de lente VR da lente (fotografias est&aacute;ticas)<br />\r\n-&nbsp;Estabilizador de lente e VR eletr&ocirc;nico VR (v&iacute;deos)<br />\r\n-&nbsp;Redu&ccedil;&atilde;o de Desfoque de Movimento: Detec&ccedil;&atilde;o de Movimento (imagens est&aacute;ticas)<br />\r\n-&nbsp;Abertura: Sele&ccedil;&atilde;o de filtro ND controlado eletronicamente (-3.3 AV)&nbsp;<br />\r\n<br />\r\n<strong>Foco Autom&aacute;tico:</strong><br />\r\n- Foco: Autom&aacute;tico (AF) AF por detec&ccedil;&atilde;o de contraste<br />\r\n- Sele&ccedil;&atilde;o da &Aacute;rea de Foco do Foco Autom&aacute;tico (AF): Central,&nbsp;Prioridade de rosto,&nbsp;Manual com 99 &aacute;reas de foco,&nbsp;Rastreador do assunto,&nbsp;AF com localizador de assunto<br />\r\n-&nbsp;Alcance de Foco [W]: Aprox. 50 cm ao infinito&nbsp;[T]: Aprox. 1,5 m ao infinito<br />\r\n-&nbsp;Trava de Foco<br />\r\n-&nbsp;&Aacute;reas/Pontos de Foco Autom&aacute;tico M&aacute;ximo: Sele&ccedil;&atilde;o manual de 99 &aacute;reas&nbsp;<br />\r\n<br />\r\n<strong>Monitor:</strong><br />\r\n- Tamanho do Monitor: 3,0 pol. na diagonal<br />\r\n-&nbsp;Tipo de Monitor: LCD-TFT com Ajuste de brilho em 5 n&iacute;veis<br />\r\n-&nbsp;Resolu&ccedil;&atilde;o Monitor: 460,000 pontos<br />\r\n-&nbsp;Cobertura do Quadro do Monitor (modo de disparo): 97% horizontal (aprox.)&nbsp;97% vertical (aprox.)<br />\r\n-&nbsp;Cobertura do Quadro do Monitor (modo de reprodu&ccedil;&atilde;o): 99% horizontal (aprox.)&nbsp;99% vertical (Aprox.)&nbsp;<br />\r\n<br />\r\n<strong>M&iacute;dia de Armazenamento:</strong><br />\r\n- Cart&atilde;o de mem&oacute;ria SD<br />\r\n-&nbsp;Cart&atilde;o de mem&oacute;ria SDHC<br />\r\n-&nbsp;Cart&atilde;o de mem&oacute;ria SDXC<br />\r\n<br />\r\n<strong>Mem&oacute;ria Interna:</strong><br />\r\n-&nbsp;Aprox. 25MB:<br />\r\n<br />\r\n<strong>Sistema de Armazenamento de Arquivos:</strong><br />\r\n-&nbsp;Em conformidade<br />\r\n-&nbsp;DCF<br />\r\n-&nbsp;EXIF 2.3<br />\r\n-&nbsp;DPOF<br />\r\n<br />\r\n<strong>Formatos de Armazenamento de Arquivos:</strong><br />\r\n-&nbsp;Imagens est&aacute;ticas: JPEG<br />\r\n-&nbsp;Arquivos de &aacute;udio: WAV<br />\r\n-&nbsp;V&iacute;deos: MOV (Video: MPEG-4 AVC/H.264, Audio: LPCM est&eacute;reo)&nbsp;<br />\r\n<br />\r\n<strong>V&iacute;deo:</strong><br />\r\n- Full HD: 1920px1080p/ 30 qps<br />\r\n- HD: 1280px720p/30 qps<br />\r\n-&nbsp;HS 1920x1080/ 15 qps<br />\r\n-&nbsp;HS 1280x720 / 60 qps<br />\r\n-&nbsp;HS 640x480/ 120 qps<br />\r\n-&nbsp;iFrame 720/ 30p<br />\r\n-&nbsp;iFrame 720/ 25p<br />\r\n-&nbsp;Formato de arquivo de v&iacute;deo: MPEG-4 AVC H.264<br />\r\n-&nbsp;VGA: 640x480/30 qps&nbsp;</p>\r\n\r\n<p><br />\r\n<strong>Sensibilidade:</strong><br />\r\n- Sensibilidade ISO ISO 125-1600 /&nbsp;ISO 3200, 6400 (dispon&iacute;vel ao usar o modo Autom&aacute;tico)<br />\r\n-&nbsp;A Menor Sensibilidade ISO 125<br />\r\n-&nbsp;A Maior Sensibilidade ISO 6400&nbsp;<br />\r\n<br />\r\n<strong>Fotometria da Exposi&ccedil;&atilde;o:</strong><br />\r\n- Matriz<br />\r\n- Pondera&ccedil;&atilde;o Central (zoom digital menor que 2x)<br />\r\n- Pontual (zoom digital de 2x ou mais)&nbsp;<br />\r\n<br />\r\n<strong>Controle de Exposi&ccedil;&atilde;o:</strong><br />\r\n-&nbsp;Exposi&ccedil;&atilde;o auto programada<br />\r\n- Compensa&ccedil;&atilde;o de exposi&ccedil;&atilde;o (EV de -2,0 a +2,0 em etapas de 1/3 EV)&nbsp;<br />\r\n<br />\r\n<strong>Modos de Exposi&ccedil;&atilde;o:</strong><br />\r\n-&nbsp;Auto Programado<br />\r\n<br />\r\n<strong>Modos de Cena:</strong><br />\r\n- Luz de Fundo<br />\r\n-&nbsp;Praia<br />\r\n-&nbsp;C&oacute;pia em Preto e Branco<br />\r\n-&nbsp;Close up<br />\r\n-&nbsp;Crep&uacute;sculo/Madrugada<br />\r\n-&nbsp;Panorama F&aacute;cil<br />\r\n-&nbsp;Show de Fogos de Artif&iacute;cio<br />\r\n-&nbsp;Alimentos<br />\r\n-&nbsp;Paisagem<br />\r\n-&nbsp;Museu<br />\r\n-&nbsp;Paisagem Noturna<br />\r\n-&nbsp;Retrato Noturno<br />\r\n-&nbsp;Festa/Interior<br />\r\n-&nbsp;Retrato<br />\r\n-&nbsp;Neve<br />\r\n-&nbsp;Esportes<br />\r\n-&nbsp;P&ocirc;r-do-sol&nbsp;<br />\r\n<br />\r\n<strong>Edi&ccedil;&atilde;o de imagem na c&acirc;mera:</strong><br />\r\n- Copiar<br />\r\n-&nbsp;Cortar<br />\r\n-&nbsp;D-Lighting<br />\r\n-&nbsp;Retoque de Glamour<br />\r\n-&nbsp;Ordem de impress&atilde;o<br />\r\n-&nbsp;Proteger<br />\r\n-&nbsp;Efeitos R&aacute;pidos<br />\r\n-&nbsp;Retoque R&aacute;pido<br />\r\n-&nbsp;Corre&ccedil;&atilde;o de olhos vermelhos<br />\r\n-&nbsp;Girar Imagem<br />\r\n-&nbsp;Apresenta&ccedil;&atilde;o de imagens<br />\r\n-&nbsp;Imagem Reduzida<br />\r\n-&nbsp;Memorando de voz&nbsp;<br />\r\n<br />\r\n<strong>Compensa&ccedil;&atilde;o de Exposi&ccedil;&atilde;o:</strong><br />\r\n-&nbsp;EV de &plusmn;2 em passos de 1/3<br />\r\n<br />\r\n<strong>Balan&ccedil;o do Branco:</strong><br />\r\n- Autom&aacute;tico<br />\r\n-&nbsp;Nublado<br />\r\n-&nbsp;Luz do dia<br />\r\n-&nbsp;Flash<br />\r\n-&nbsp;Fluorescente<br />\r\n-&nbsp;Incandescente<br />\r\n-&nbsp;Pr&eacute;-ajuste Manual&nbsp;<br />\r\n<br />\r\n<strong>Obturador:</strong><br />\r\n-&nbsp;Obturador mec&acirc;nico-eletr&ocirc;nico CMOS<br />\r\n<br />\r\n<strong>Velocidade do Obturador:</strong><br />\r\n- 1/1500 - 1 s<br />\r\n- 1/1600 s (velocidade m&aacute;xima durante disparos em alta velocidade cont&iacute;nua)<br />\r\n- 4 s (quando o modo de cena estiver definido como Show de Fogos de Artif&iacute;cio)&nbsp;<br />\r\n<br />\r\n<strong>Velocidade M&aacute;xima de Disparo Cont&iacute;nuo com Resolu&ccedil;&atilde;o Total:</strong><br />\r\n-&nbsp;At&eacute;&nbsp;8.6&nbsp;disparos de&nbsp;approx.&nbsp;7&nbsp;frames per second</p>\r\n\r\n<p><br />\r\n<strong>Op&ccedil;&otilde;es de Disparo Cont&iacute;nuo:</strong><br />\r\n- Seletor de Melhor Foto<br />\r\n-&nbsp;H Cont&iacute;nuo<br />\r\n-&nbsp;H 60 Cont&iacute;nuo<br />\r\n-&nbsp;H 120 Cont&iacute;nuo<br />\r\n-&nbsp;L Cont&iacute;nuo<br />\r\n-&nbsp;V&aacute;rios disparos 16<br />\r\n-&nbsp;Cache pr&eacute;-grava&ccedil;&atilde;o<br />\r\n-&nbsp;&Uacute;nico&nbsp;<br />\r\n<br />\r\n<strong>Temporizador autom&aacute;tico:</strong><br />\r\n-&nbsp;Pode ser selecionado com dura&ccedil;&atilde;o de 10 ou 2 segundos<br />\r\n<br />\r\n<strong>Flash:</strong><br />\r\n-&nbsp;Alcance (aprox.) do flash embutido (Sensibilidade ISO: Autom&aacute;tico):&nbsp;[W]: 0,5 m a 3,5 m /&nbsp;[T]: 1,5 a 2,0 m&nbsp;<br />\r\n-&nbsp;Controle do Flash Embutido:&nbsp;Flash autom&aacute;tico TTL com monitor pr&eacute;-flash<br />\r\n-&nbsp;Flash Embutido<br />\r\n<br />\r\n<strong>Interface:</strong><br />\r\n- Fun&ccedil;&atilde;o Memorando de Voz<br />\r\n-&nbsp;USB de alta velocidade<br />\r\n-&nbsp;Protocolo de transfer&ecirc;ncia de dados da interface: MTP / PTP<br />\r\n-&nbsp;Sa&iacute;da de V&iacute;deo: NTSC / PAL<br />\r\n- Sa&iacute;da HDMI:&nbsp;Pode ser selecionado entre&nbsp;Autom&aacute;tico,&nbsp;480p,&nbsp;720p,&nbsp;1080 /&nbsp;E/S Digital (USB) /&nbsp;Conector mini HDMI (Tipo D) (sa&iacute;da HDMI)<br />\r\n-&nbsp;Funcionalidade Wi-Fi<br />\r\n<br />\r\n<strong>Fontes de alimenta&ccedil;&atilde;o:</strong><br />\r\n- Uma Bateria Recarreg&aacute;vel de Li-ion EN-EL19 (fornecida)<br />\r\n-&nbsp;Adaptador AC EH-62G (dispon&iacute;vel separadamente)<br />\r\n-&nbsp;Adaptador AC EH-71P e adaptador de tomada (fornecido)&nbsp;<br />\r\n<br />\r\n<strong>Tempo de carga:</strong><br />\r\n-&nbsp;Aprox 1 hora 50 min (utilizando o carregador EH-71P; e bateria completamente descarregadas)&nbsp;(Aprox.)<br />\r\n<br />\r\n<strong>Bateria:</strong><br />\r\n-&nbsp;Bateria Recarreg&aacute;vel de Li-ion EN-EL19<br />\r\n<br />\r\n<strong>Conte&uacute;do da embalagem:</strong><br />\r\n- 01 C&acirc;mera Digital<br />\r\n- Al&ccedil;a AN-CP19<br />\r\n- Cabo USB<br />\r\n- Cart&atilde;o de mem&oacute;ria 4GB<br />\r\n- Manual do usu&aacute;rio&nbsp;</p>\r\n\r\n<p><br />\r\n<strong>Garantia</strong><br />\r\n12 meses de garantia<br />\r\n<br />\r\n<strong>Peso</strong><br />\r\n10170 gramas (bruto com embalagem)</p>', 'S', 'coolpix.jpg', 'S'),
(22, 2, 1, 7, 'Tablet Samsung Galaxy Tab E 7´ WI-FI SM-T113NU 8GB , Android 4.4 , Quad Core 1.3GHz , Câmera 2MP , RAM 1GB', '11046.94', '9100.00', '<p>Tablet Samsung Galaxy Tab E 7&acute; WI-FI SM-T113NU 8GB , Android 4.4 , Quad Core 1.3GHz , C&acirc;mera 2MP , RAM 1GB - PRETO</p>', '<p><strong>Caracter&iacute;sticas:</strong><br />\r\n- Marca: Samsung<br />\r\n- Modelo: SM-T113NU<br />\r\n<br />\r\n<strong>Especifica&ccedil;&otilde;es:&nbsp;</strong><br />\r\n- GPS<br />\r\n- Cor: Preto<br />\r\n<br />\r\n<strong>Processador:</strong><br />\r\n-&nbsp;ARM Cortex A7 Quad Core de 1.3 Ghz<br />\r\n<br />\r\n<strong>Tela:</strong><br />\r\n- Capacitiva<br />\r\n- Tamanho da tela: 7&rdquo;<br />\r\n- Formato:&nbsp;Widescreen<br />\r\n- Resolu&ccedil;&atilde;o: 1024 x 600<br />\r\n- Rota&ccedil;&atilde;o autom&aacute;tica da tela<br />\r\n<br />\r\n<strong>Mem&oacute;ria:</strong><br />\r\n- Ram: 1GB<br />\r\n- Flash: 8GB<br />\r\n<br />\r\n<strong>Sistema Operacional:</strong><br />\r\n- Android Kit Kat 4.4<br />\r\n<br />\r\n<strong>Conectividade:</strong><br />\r\n- Wi-Fi:&nbsp;802.11 b/g/n.<br />\r\n- Bluetooth: 4.0<br />\r\n<br />\r\n<strong>C&acirc;mera:</strong><br />\r\n- Frontal: 2MP<br />\r\n- Traseira: 2MP<br />\r\n- Zoom: 4x<br />\r\n- Efeitos da Foto<br />\r\n-&nbsp;Foco Autom&aacute;tico<br />\r\n<br />\r\n<strong>V&iacute;deos:</strong><br />\r\n-&nbsp;Resolu&ccedil;&atilde;o de reprodu&ccedil;&atilde;o: FHD (1920 x 1080)<br />\r\n- Resolu&ccedil;&atilde;o de grava&ccedil;&atilde;o: VGA (640 x 480)&nbsp;<br />\r\n<br />\r\n<strong>Som:</strong><br />\r\n- MP3, M4A, 3GA, AAC, OGG, OGA, WAV<br />\r\n- AMR, AWB, FLAC, MID, MIDI, XMF, MXMF<br />\r\n- IMY, RTTTL, RTX, OTA<br />\r\n<br />\r\n<strong>Conex&otilde;es:</strong><br />\r\n- Fone de Ouvido<br />\r\n- Cart&atilde;o de Mem&oacute;ria<br />\r\n<br />\r\n<strong>Alimenta&ccedil;&atilde;o:</strong><br />\r\n- Fonte: Bivolt<br />\r\n- Bateria: Recarreg&aacute;vel de Ions de L&iacute;tio de 3600 mAh<br />\r\n<br />\r\n<strong>Conte&uacute;do da Embalagem:</strong><br />\r\n- 01&nbsp;Tablet Samsung Galaxy Tab E 7&acute; &nbsp;&nbsp;<br />\r\n- 01 Fone de Ouvido<br />\r\n- 01 Cabo USB<br />\r\n- 01 Carregador</p>\r\n\r\n<p><br />\r\n<strong>Garantia</strong><br />\r\n12 meses de garantia<br />\r\n<br />\r\n<strong>Peso</strong><br />\r\n485 gramas (bruto com embalagem)</p>', 'S', 'tablet_samsung.jpg', ''),
(23, 2, 15, 22, 'E-Reader Kindle Paperwhite, Wi-Fi, 4 GB<br><br><br><br>', '10146.94', '9100.00', '<p>Feito especialmente para leitura, ao contr&aacute;rio das telas de tablets e de Smartphones, no novo Kindle Paperwhite &eacute; poss&iacute;vel ler como se fosse em papel, sem reflexo, mesmo sob a luz forte do sol.</p>', '<p><strong>Caracter&iacute;sticas:</strong><br />\r\n- Marca: Amazon Kindle<br />\r\n- Modelo:&nbsp;Paperwhite<br />\r\n<br />\r\n<strong>Especifica&ccedil;&otilde;es:</strong>&nbsp;<br />\r\n- Conex&otilde;es: USB<br />\r\n- Dimens&otilde;es aprox. do produto: 169 x 117 x 9,1 mm<br />\r\n<br />\r\n<strong>Tela:</strong><br />\r\n-&nbsp;Tela Paperwhite de 6&quot; (15,2 cm) da Amazon<br />\r\n- Com tecnologia de fontes otimizada<br />\r\n- Ilumina&ccedil;&atilde;o embutida<br />\r\n- 300 ppi<br />\r\n- Escala de cinzas com 16 n&iacute;veis.&nbsp;<br />\r\n<br />\r\n<strong>Armazenamento:</strong><br />\r\n-&nbsp;4 GB (armazenamento destinado a conte&uacute;do e sistema operacional)<br />\r\n- Armazena milhares de eBooks&nbsp;<br />\r\n-&nbsp;Armazenamento gratuito na Nuvem para todo o conte&uacute;do da Amazon.<br />\r\n<br />\r\n<strong>Bateria:</strong><br />\r\n-&nbsp;At&eacute; oito semanas com conex&atilde;o sem fio desligada e brilho configurado na posi&ccedil;&atilde;o 10, baseando-se em uma leitura di&aacute;ria de meia hora.<br />\r\n-&nbsp;Carga completa em aproximadamente 4 horas atrav&eacute;s de um cabo USB &ndash; inclu&iacute;do &ndash; conectado a um computador.<br />\r\n- Alimenta&ccedil;&atilde;o: Bivolt<br />\r\n<br />\r\n<strong>Conectividade:</strong><br />\r\n-&nbsp;Suporta Wi-Fi nos padr&otilde;es 802.11b, 802.11g, or 802.11n com suporte a protocolos de seguran&ccedil;a WEP, WPA e WPA2 ou WPS.<br />\r\n<br />\r\n<strong>Formatos de Conte&uacute;do suportados:</strong><br />\r\n-&nbsp;Kindle Format 8 (AZW3)<br />\r\n- Kindle (AZW)<br />\r\n- TXT<br />\r\n- PDF<br />\r\n- MOBI sem prote&ccedil;&atilde;o<br />\r\n- PRC naturalmente<br />\r\n- HTML<br />\r\n- DOC<br />\r\n- DOCX<br />\r\n- JPEG<br />\r\n- GIF<br />\r\n- PNG<br />\r\n- BMP atrav&eacute;s de convers&atilde;o.&nbsp;<br />\r\n<br />\r\n<strong>Informa&ccedil;&otilde;es adicionais:</strong><br />\r\n-&nbsp;O Novo Kindle Paperwhite apresenta nova fonte para melhor leitura, a Bookerly. Desenvolvida especialmente para o Kindle, a Bookerly oferece um visual mais leve e ainda melhora a experi&ecirc;ncia da leitura, principalmente para eBooks longos. Com melhor espa&ccedil;amento de texto, a adi&ccedil;&atilde;o de hifeniza&ccedil;&atilde;o e texto justificado, a leitura ficou mais f&aacute;cil e r&aacute;pida, com menos mudan&ccedil;as de p&aacute;ginas.<br />\r\n-&nbsp;Ajuste a ilumina&ccedil;&atilde;o da tela e leia em qualquer luz ambiente.&nbsp;O Kindle Paperwhite usa uma tecnologia de luz embutida de &uacute;ltima gera&ccedil;&atilde;o que direciona luz na superf&iacute;cie da tela, diferente de tablets, que emitem luz em dire&ccedil;&atilde;o aos olhos. Com o Kindle Paperwhite voc&ecirc; pode ler confortavelmente sem cansar<br />\r\n-&nbsp;Com duas vezes mais pixels que as gera&ccedil;&otilde;es anteriores, o Novo Kindle Paperwhite conta com tela de alta defini&ccedil;&atilde;o com 300 ppi para um texto mais n&iacute;tido e com mais qualidade.<br />\r\n-&nbsp;O Kindle Paperwhite foi feito especialmente para leitura. Aprecie seu amor pela leitura sem interrup&ccedil;&otilde;es e sem alertas de e-mails.<br />\r\n<br />\r\n<strong>Conte&uacute;do da Embalagem:</strong><br />\r\n- 01 E-Reader Kindle Paperwhite, Wi-Fi, 4 GB<br />\r\n- 01 Cabo USB 2.0<br />\r\n- 01 Guia de In&iacute;cio R&aacute;pido&nbsp;</p>\r\n\r\n<p><br />\r\n<strong>Garantia</strong><br />\r\n12 meses de garantia<br />\r\n<br />\r\n<strong>Peso</strong><br />\r\n400 gramas (bruto com embalagem)</p>', 'S', 'kindle.jpg', ''),
(24, 2, 10, 23, 'Tablet Positivo Mini com Android 4.2 8GB Câmera 2MP 7,85´ Multitoque Wi-Fi Branco Prata', '10146.94', '9010.00', '<p>O Positivo Mini &eacute; um tablet concebido para o consumo de conte&uacute;dos digitais. Leve e f&aacute;cil de usar, foi criado para acompanhar o brasileiro onde ele for. O Positivo Mini &eacute; um tablet oficial e aprovado pelo Google.</p>', '<p><strong>Caracter&iacute;sticas:</strong><br />\r\n- Marca: Positivo<br />\r\n- Modelo:&nbsp;Mini<br />\r\n<br />\r\n<strong>Especifica&ccedil;&otilde;es:</strong><br />\r\n- Tela: Tela IPS de 7.85&rsquo;&rsquo;, tipo Touch Multitoque capacitivo, resolu&ccedil;&atilde;o de 1024 x 768 pixels<br />\r\n-&nbsp;Processador: ARM Cortex A9 Quad-Core 1.6 GHz<br />\r\n-&nbsp;Conectividade: Rede sem fio IEEE 802.11 b/g/nTM e Bluetooth 4.0<br />\r\n-&nbsp;Armazenamento: 8 GB<br />\r\n-&nbsp;Sistema Operacional: Android 4.2, Portugu&ecirc;s Brasil<br />\r\n-&nbsp;Dispositivos Internos: Sensor de Movimento (aceler&ocirc;metro), microfone, alto-falante<br />\r\n-&nbsp;C&acirc;mera Frontal: VGA<br />\r\n-&nbsp;C&acirc;mera Traseira: 2.0 Megapixel<br />\r\n-&nbsp;Fonte: 100 ~ 240V Autom&aacute;tica<br />\r\n-&nbsp;Dimens&otilde;es (Tablet): 201 x 136 x 9,4 mm<br />\r\n<br />\r\n<strong>Portas de Conex&atilde;o:</strong>&nbsp;<br />\r\n-&nbsp;1x Micro USB<br />\r\n-&nbsp;1x line-out (fone de ouvido)<br />\r\n-&nbsp;1x Micro SD card<br />\r\n-&nbsp;1x mini HDMI<br />\r\n<br />\r\n<strong>Informa&ccedil;&otilde;es Adicionais:</strong><br />\r\n-&nbsp;Navegue pela internet e acesse seus e-mails. Compartilhe seus arquivos, realize videochamadase converse com seus amigos e familiares.<br />\r\n-&nbsp;Curta os mais diversos jogos com a tela multitoquee com o sensor de movimento (aceler&ocirc;metro).&nbsp;<br />\r\n- Compartilhe suas fotos, ou&ccedil;a m&uacute;sicas e veja filmes com qualidade no seu Positivo Mini ou em sua televis&atilde;o atrav&eacute;s do sistema HDMI.<br />\r\n-&nbsp;Leia e baixe revistas, jornais e livros.<br />\r\n-&nbsp;O Positivo Mini traz embarcados diversosaplicativos, trazendo uma &oacute;tima experi&ecirc;ncia desde o primeiro uso.&nbsp;<br />\r\n- O usu&aacute;rio tem mais de 900 mil aplicativos dispon&iacute;veis para download no Google Play.<br />\r\n-&nbsp;O Positivo Mini possui duas c&acirc;meras, uma frontal que facilita a utiliza&ccedil;&atilde;o em videochamadase uma c&acirc;mera traseira para tirar fotos e criar seus filmes com ainda mais qualidade.<br />\r\n-&nbsp;Tela capacitiva de 7.85&rdquo; IPS com &oacute;timo brilho e &acirc;ngulo de vis&atilde;o. Suporte a 5 toques simult&acirc;neos.<br />\r\n- Possui suporte a gestos que facilitam a navega&ccedil;&atilde;o no seu Positivo Mini.<br />\r\n<br />\r\n<strong>Conte&uacute;do da Embalagem:</strong><br />\r\n-&nbsp;Adaptador de energia<br />\r\n-&nbsp;Cabo USB<br />\r\n-&nbsp;Guia R&aacute;pido</p>\r\n\r\n<p><br />\r\n<strong>Garantia</strong><br />\r\n12 meses de garantia<br />\r\n<br />\r\n<strong>Peso</strong><br />\r\n730 gramas (bruto com embalagem)</p>', 'S', 'tablet_positivo.jpg', 'S'),
(25, 2, 7, 5, 'Tablet Asus Fonepad 7 8GB Wi Fi 3G Tela 7´ Android 4.4 Processador Intel Atom Dual Core - Branco FE170CG', '5046.94', '9500.00', '<table border=\"0\">\r\n	<tbody>\r\n		<tr>\r\n			<td>\r\n			<h1>ASUS Fonepad&trade; 7</h1>\r\n			</td>\r\n		</tr>\r\n		<tr>\r\n			<td>\r\n			<p>Uma nova experi&ecirc;ncia m&oacute;vel o aguarda com o Tablet Android* de 7 polegadas ASUS Fonepad&trade; 7. Seu design com moldura estreita se encaixa confortavelmente em sua m&atilde;o, proporcionando-lhe melhor portabilidade com todas as funcionalidades de um smartphone 3G para voc&ecirc; ficar conectado a qualquer hora, em qualquer lugar.</p>\r\n			</td>\r\n		</tr>\r\n	</tbody>\r\n</table>', '<p><strong>Caracter&iacute;sticas:</strong><br />\r\n- Marca: Asus<br />\r\n- Modelo:&nbsp;Fonepad 7<br />\r\n<br />\r\n<strong>Especifica&ccedil;&otilde;es:&nbsp;</strong><br />\r\n<br />\r\n<strong>Sistema operacional:</strong><br />\r\n-&nbsp;Android&nbsp;4.4<br />\r\n<br />\r\n<strong>Tela:</strong><br />\r\n- Tela de 7&quot; LED&nbsp;<br />\r\n- Backlight WXGA (1024x600)&nbsp;<br />\r\n- IPS Panel<br />\r\n- Multi-toque de at&eacute; 10 dedos<br />\r\n<br />\r\n<strong>Processador:</strong><br />\r\n-&nbsp;Intel Atom&nbsp;&nbsp;Z2520 Multi-core<br />\r\n- 1.2 GHz<br />\r\n<br />\r\n<strong>Mem&oacute;ria:</strong><br />\r\n-&nbsp;1GB<br />\r\n<br />\r\n<strong>Armazenamento:</strong><br />\r\n- 8GB<br />\r\n<br />\r\n<strong>Protocolo de Rede:</strong><br />\r\n- UMTS:&nbsp;DC-HSPA+ UL:5.76 Mbps/DL:42 Mbps<br />\r\n- 3G:&nbsp;WCDMA :850/900/1700/1900/2100<br />\r\n- 2G:&nbsp;EDGE/GSM : 850/900/1800/1900<br />\r\n<br />\r\n<strong>Rede de dados sem fio:</strong><br />\r\n- WLAN802.11 a/b/g/n<br />\r\n- Bluetooth V3.0<br />\r\n<br />\r\n<strong>C&acirc;mera:</strong><br />\r\n- C&acirc;mera frontal de 0.3 M Pixel<br />\r\n- C&acirc;mera traseira de 2M Pixel<br />\r\n<br />\r\n<strong>&Aacute;udio:</strong><br />\r\n- Stereo Speakers with SonicMaster technology<br />\r\n<br />\r\n<strong>Interface:</strong><br />\r\n- 1 x Micro USB (Suporte USB OTG)<br />\r\n- 1 x 2-in-1 Sa&iacute;da de Som (Headphone / Mic-in)<br />\r\n- 1 x MicroSD, suporte para at&eacute; 64GB&nbsp;<br />\r\n- 1 x Micro SIM<br />\r\n<br />\r\n<strong>Sensor:</strong><br />\r\n-&nbsp;G-Sensor, E-compass, Proximity &amp; Light sensor, Hall sensor<br />\r\n<br />\r\n<strong>Bateria:</strong><br />\r\n-&nbsp;10 horas<br />\r\n- Bateria de 15Wh Li-polymer&nbsp;<br />\r\n- Tempo em standby: 840 horas<br />\r\n- Tempo falando: 28 horas<br />\r\n<br />\r\n<strong>Navega&ccedil;&atilde;o:&nbsp;</strong><br />\r\n-&nbsp;GPS, GLONASS &amp; AGPS<br />\r\n<br />\r\n<strong>Dimens&otilde;es:</strong><br />\r\n-&nbsp;120 x 196.8 x 10.5 mm (largura x profundidade x altura)<br />\r\n<br />\r\n<strong>Conte&uacute;do da embalagem:</strong><br />\r\n- 01&nbsp;Tablet Asus Fonepad 7<br />\r\n- 01 Manual do Usu&aacute;rio<br />\r\n- 01 Carregador</p>\r\n\r\n<p><br />\r\n<strong>Garantia</strong><br />\r\n12 meses de garantia<br />\r\n<br />\r\n<strong>Peso</strong><br />\r\n450 gramas (bruto com embalagem)</p>', 'S', 'tablet_asus.jpg', '');
INSERT INTO `produto` (`id_produto`, `id_categoria`, `id_subcategoria`, `id_fabricante`, `produto`, `preco_alto`, `preco`, `descricao`, `detalhes`, `ativo_produto`, `imagem`, `destaque`) VALUES
(26, 4, 35, 8, 'Pen Drive Multilaser 32GB USB Preto PD589', '10146.94', '9100.00', '<p>Tudo o que voc&ecirc; precisava para salvar todas as suas m&uacute;sicas, fotos e v&iacute;deos preferidos! Leve seu Pen Drive Twist para qualquer lugar e aproveite</p>', '<p>Especifica&ccedil;&otilde;es:&nbsp;<br />\r\n-Taxa de leitura at&eacute; 13MB/s<br />\r\n-Taxa de grava&ccedil;&atilde;o at&eacute; 5MB/s<br />\r\n-Taxa de transfer&ecirc;ncia at&eacute; 48MB/s<br />\r\n-Armazena 4000 m&uacute;sicas, 38400 fotos e 76.6h de v&iacute;deo*<br />\r\n-Temperatura ambiente: 0&ordm; ~ 45&ordm;C<br />\r\n-Fonte de energia: DC 5V via porta USB 2.0 de alta velocidade<br />\r\n-Sistemas operacionais: Windows 98, 2000, ME, XP e Vista/MacOs 9.0 ou superiores/ Linux 2.4 ou superiores<br />\r\n-Dimens&otilde;es: 190 x 130 x 55mm&nbsp;<br />\r\n<br />\r\n<strong>Garantia</strong><br />\r\n12 meses de garantia<br />\r\n<br />\r\n<strong>Peso</strong><br />\r\n26 gramas (bruto com embalagem)</p>', 'S', 'pendrive_multilaser.jpg', 'S'),
(27, 4, 38, 8, 'WebCam Multilaser USB c/ Microfone Preta WC040', '10246.94', '9200.00', '<p>WebCam Multilaser USB c/ Microfone Preta WC040</p>', '<p><strong>Caracter&iacute;sticas:</strong><br />\r\n- Marca: Multilaser<br />\r\n- Modelo:&nbsp;WC040<br />\r\n<br />\r\n<strong>Especifica&ccedil;&otilde;es:</strong><br />\r\n- Sistema plug &amp; play: n&atilde;o precisa de drivers para instala&ccedil;&atilde;o<br />\r\n-&nbsp;Resolu&ccedil;&atilde;o de 1.3MP para v&iacute;deo e 5.0MP para foto (via interpola&ccedil;&atilde;o)<br />\r\n-&nbsp;LED flash<br />\r\n-<strong>&nbsp;</strong>Microfone USB<br />\r\n-<strong>&nbsp;</strong>Clip para fixar a webcam na tela LCD<br />\r\n-&nbsp;Compat&iacute;vel Windows 7/Vista/XP/2000<br />\r\n-&nbsp;Lente 2G de vidro<br />\r\n-<strong>&nbsp;</strong>S/N Radio: 45dB<br />\r\n-&nbsp;Interface USB<br />\r\n-<strong>&nbsp;</strong>Dimens&otilde;es: 88 x 56 x 36mm</p>\r\n\r\n<p><strong>Garantia</strong><br />\r\n12 meses de garantia<br />\r\n<br />\r\n<strong>Peso</strong><br />\r\n76 gramas (bruto com embalagem)</p>', 'S', 'webcam_multi.jpg', ''),
(28, 4, 40, 8, 'Teclado e Mouse Gamer Multilaser Lightning TC195', '10246.94', '9020.00', '<p>Teclado Multilaser Gamer, ideal para o seus jogos e incompar&aacute;vel na tecnologia.</p>', '<p><strong>Caracter&iacute;sticas:</strong><br />\r\n- Marca: Mulitlaser<br />\r\n- Modelo: TC195</p>\r\n\r\n<p>&nbsp;</p>\r\n\r\n<p><strong>Especifica&ccedil;&otilde;es:</strong><br />\r\n- Combo teclado e mouse com fio<br />\r\n- Op&ccedil;&atilde;o de troca por teclas direcionais transparentes<br />\r\n- Conex&atilde;o: USB<br />\r\n- Padr&atilde;o: ABNT<br />\r\n- Compat&iacute;vel com: Windows 2000/ XP/ Vista, 7</p>\r\n\r\n<p>&nbsp;</p>\r\n\r\n<p><strong>Teclado:</strong><br />\r\n- 3 cores backlight opcional<br />\r\n- 10 fun&ccedil;&otilde;es multim&iacute;dia<br />\r\n- Teclas silenciosas<br />\r\n- Dimens&otilde;es: 49 x 20,5 x 30 cm</p>\r\n\r\n<p>&nbsp;</p>\r\n\r\n<p><strong>Mouse:</strong><br />\r\n- 6 bot&otilde;es com flash<br />\r\n- 5 milh&otilde;es de cliques<br />\r\n- 4 n&iacute;veis de velocidade: (800/1200/1600/2000dpi)<br />\r\n- Dimens&otilde;es: 12,02 x 7,5 x 4,1 cm</p>\r\n\r\n<p>&nbsp;</p>\r\n\r\n<p><strong>Conte&uacute;do da Embalagem:</strong><br />\r\n- 01 Teclado Multilaser<br />\r\n- 01 Mouse Multilaser</p>\r\n\r\n<p>&nbsp;</p>\r\n\r\n<p><strong>Observa&ccedil;&atilde;o:</strong><br />\r\n- Cores do Teclado e Mouse n&atilde;o &eacute; poss&iacute;vel escolher, sendo sortido as cores.</p>\r\n\r\n<p><br />\r\n<strong>Garantia</strong><br />\r\n12 meses de garantia<br />\r\n<br />\r\n<strong>Peso</strong><br />\r\n1250 gramas (bruto com embalagem)</p>', 'S', 'teclado_mouse.jpg', 'S'),
(29, 4, 41, 24, 'Mesa Digitalizadora Genius I608X GT100006 MousePen USB\nMousePen i608x', '11046.94', '9100.00', '<p>MousePen i608x &eacute; uma nova ferramenta para desenhar e pintar com criatividade. Voc&ecirc; pode aumentar a sua produtividade e divers&atilde;o com o software de editora&ccedil;&atilde;o profissional e MousePen i608, onde voc&ecirc; pode desenhar e ilustrar sem esfor&ccedil;o. A &aacute;rea de trabalho de 6&rdquo; x 8&rdquo; com uma caneta sem fio e mouse &eacute; &oacute;tima para os usu&aacute;rios do Windows e MAC escreverem, desenharem, esbo&ccedil;arem ou assinarem e-mails. Basta clicar a caneta ou qualquer um dos 29 atalhos program&aacute;veis para acesso imediato &agrave;s fun&ccedil;&otilde;es do Office e Internet. A caneta sem fio possui dois bot&otilde;es e 1024 n&iacute;veis de sensibilidade &agrave; press&atilde;o para espessura ao escrever e desenhar. Voc&ecirc; pode guardar a caneta no clipe em cima &agrave; direita, facilitando o seu transporte. Al&eacute;m disso, o mouse sem fio, coma esfera de rolagem d&aacute; maior praticidade ao trabalhar na mesa digitalizadora.</p>', '<p><strong>Caracter&iacute;sticas:</strong><br />\r\n- Marca: Genius<br />\r\n- Modelo: I608X</p>\r\n\r\n<p><strong>Especifica&ccedil;&otilde;es:</strong><br />\r\n- Interface: USB<br />\r\n- Suporta Sistema Windows Vista/XP/2000, MAC OS 10.3.5+<br />\r\n- &Aacute;rea ativa: 6&rdquo; x 8&rdquo;<br />\r\n- Resolu&ccedil;&atilde;o: 2540 LPI<br />\r\n- Taxa de Relat&oacute;rio: 100 RPS<br />\r\n- Press&atilde;o da caneta: 1024 N&iacute;veis<br />\r\n- Mouse sem fio: Tr&ecirc;s bot&otilde;es com esfera de rolagem<br />\r\n- Teclas Program&aacute;veis 29</p>\r\n\r\n<p><strong>Informa&ccedil;&otilde;es Adicionais:</strong><br />\r\n- 6&rdquo; &aacute;rea de trabalho de x 8&rdquo; para desenho e escrita &agrave; m&atilde;o<br />\r\n- Sensibilidade de press&atilde;o de 1024-n&iacute;veis para controle de todas formas e espessuras<br />\r\n- Fa&ccedil;a anota&ccedil;&otilde;es manuais/desenhos com efici&ecirc;ncia em e-mails, MSN, documentos ou qualquer outro programa aplicativo<br />\r\n- Mouse sem fio de esfera de 3-bot&otilde;es para navega&ccedil;&atilde;o r&aacute;pida na Internet e nos documentos<br />\r\n- Design de Pen clip para f&aacute;cil guarda da caneta</p>\r\n\r\n<p>&nbsp;</p>\r\n\r\n<p><strong>Software:</strong><br />\r\n- Paint Net / Pen ToolBar<br />\r\n- Driver para Windows e Mac<br />\r\n- Electronic Manual dos usu&aacute;rios</p>\r\n\r\n<p>&nbsp;</p>\r\n\r\n<p><strong>Requisitos M&iacute;nimos:</strong><br />\r\n- Requisitos de Sistema<br />\r\n- PC/ Pentium 233 compat&iacute;vel ou superior<br />\r\n- Windows Vista / XP / 2000<br />\r\n- Macintosh com OS X 10.3.5 ou superior<br />\r\n- Porta USB dispon&iacute;vel<br />\r\n- Drive de CD/DVD-ROM para instala&ccedil;&atilde;o de software&nbsp;</p>\r\n\r\n<p><strong>Conte&uacute;do da Embalagem:</strong><br />\r\n- MousePen i608X<br />\r\n- Caneta sem fio<br />\r\n- Mouse sem fio<br />\r\n- Duas pontas de caneta<br />\r\n- Bateria AAA para caneta sem fio<br />\r\n- Bateria AAA para mouse sem fio<br />\r\n- Guia r&aacute;pido de multi-linguagem</p>\r\n\r\n<p><br />\r\n<strong>Garantia</strong><br />\r\n12 meses de garantia<br />\r\n<br />\r\n<strong>Peso</strong><br />\r\n2100 gramas (bruto com embalagem)</p>', 'S', 'mesa_genius.jpg', 'S'),
(30, 1, 1, 7, 'produto', '1046.94', '900.00', 'Descrição', 'detalhes', 'N', 'smartphone_samsung.jpg', ''),
(31, 1, 1, 7, 'produto', '1046.94', '900.00', 'Descrição', 'detalhes', 'N', 'smartphone_samsung.jpg', ''),
(32, 1, 1, 7, 'produto', '1046.94', '900.00', 'Descrição', 'detalhes', 'N', 'smartphone_samsung.jpg', ''),
(33, 1, 1, 7, 'produto', '1046.94', '900.00', 'Descrição', 'detalhes', 'N', 'smartphone_samsung.jpg', ''),
(34, 1, 1, 7, 'produto', '1046.94', '900.00', 'Descrição', 'detalhes', 'N', 'smartphone_samsung.jpg', ''),
(35, 1, 1, 7, 'produto', '1046.94', '900.00', 'Descrição', 'detalhes', 'N', 'smartphone_samsung.jpg', ''),
(36, 1, 1, 7, 'produto', '1046.94', '900.00', 'Descrição', 'detalhes', 'N', 'smartphone_samsung.jpg', ''),
(37, 1, 1, 7, 'produto', '1046.94', '900.00', 'Descrição', 'detalhes', 'N', 'smartphone_samsung.jpg', ''),
(38, 1, 1, 7, 'produto', '1046.94', '900.00', 'Descrição', 'detalhes', 'N', 'smartphone_samsung.jpg', ''),
(39, 1, 1, 7, 'produto', '1046.94', '900.00', 'Descrição', 'detalhes', 'N', 'smartphone_samsung.jpg', ''),
(40, 1, 1, 7, 'produto', '1046.94', '900.00', 'Descrição', 'detalhes', 'N', 'smartphone_samsung.jpg', ''),
(41, 1, 1, 7, 'produto', '1046.94', '900.00', 'Descrição', 'detalhes', 'N', 'smartphone_samsung.jpg', ''),
(42, 1, 1, 7, 'produto', '1046.94', '900.00', 'Descrição', 'detalhes', 'N', 'smartphone_samsung.jpg', ''),
(43, 1, 2, 7, 'Smartphone Motorola Moto E 2ª Geração Dual Chip Desbloqueado Android Lollipop 5.0 Tela 4.5', '7990.00', '6999.00', '<h1>Smartphone Motorola Moto E 2&ordf; Gera&ccedil;&atilde;o</h1>\r\n\r\n<p>Tenha muito mais sem ter que gastar mais. Com uma tela grande, com cores vivas e a maior nitidez da categoria, o Moto E oferece prote&ccedil;&atilde;o contra riscos, respingos e manchas. Um r&aacute;pido processador quad-core com 4G ou 3G e a &uacute;ltima vers&atilde;o do Android, o Lollipop. Uma bateria que chega a um dia inteiro, para voc&ecirc; n&atilde;o se preocupar com isso. E o melhor, poder compartilhar o que quiser e curtir tudo o que a web tem de melhor. Afinal, o incr&iacute;vel s&oacute; acontece com quem compartilha. Escolha come&ccedil;ar com o novo Moto E.</p>', '<p>informa&ccedil;&otilde;es t&eacute;cnicas</p>\r\n\r\n<table>\r\n	<tbody>\r\n		<tr>\r\n			<th>Marca</th>\r\n			<td>Motorola</td>\r\n		</tr>\r\n		<tr>\r\n			<th>Modelo</th>\r\n			<td>Moto E 2&ordf; Gera&ccedil;&atilde;o</td>\r\n		</tr>\r\n		<tr>\r\n			<th>Cor</th>\r\n			<td>Preto</td>\r\n		</tr>\r\n		<tr>\r\n			<th>Tipo de Chip</th>\r\n			<td>Micro Chip</td>\r\n		</tr>\r\n		<tr>\r\n			<th>Quantidade de Chips</th>\r\n			<td>Dual Chip</td>\r\n		</tr>\r\n		<tr>\r\n			<th>Sistema Operacional</th>\r\n			<td>Android</td>\r\n		</tr>\r\n		<tr>\r\n			<th>Vers&atilde;o</th>\r\n			<td>Android 5.0 Lollipop</td>\r\n		</tr>\r\n		<tr>\r\n			<th>Processador</th>\r\n			<td>1.2 GHz quad-core Qualcomm Snapdragon 200 (MSM8212)</td>\r\n		</tr>\r\n		<tr>\r\n			<th>Mem&oacute;ria RAM</th>\r\n			<td>1GB</td>\r\n		</tr>\r\n		<tr>\r\n			<th>Tipo de tela</th>\r\n			<td>LCD IPS</td>\r\n		</tr>\r\n		<tr>\r\n			<th>Tamanho do Display</th>\r\n			<td>4.5&quot;</td>\r\n		</tr>\r\n		<tr>\r\n			<th>Resolu&ccedil;&atilde;o</th>\r\n			<td>540x960</td>\r\n		</tr>\r\n		<tr>\r\n			<th>Banda</th>\r\n			<td>GSM 850/900/1800/1900 WCDMA 850/900/1900/2100</td>\r\n		</tr>\r\n		<tr>\r\n			<th>Conectividade</th>\r\n			<td>3G</td>\r\n		</tr>\r\n		<tr>\r\n			<th>NFC</th>\r\n			<td>N&atilde;o</td>\r\n		</tr>\r\n		<tr>\r\n			<th>Mem&oacute;ria Interna</th>\r\n			<td>8GB</td>\r\n		</tr>\r\n		<tr>\r\n			<th>C&acirc;mera traseira</th>\r\n			<td>5MP</td>\r\n		</tr>\r\n		<tr>\r\n			<th>C&acirc;mera frontal</th>\r\n			<td>VGA</td>\r\n		</tr>\r\n		<tr>\r\n			<th>Filmadora</th>\r\n			<td>HD</td>\r\n		</tr>\r\n		<tr>\r\n			<th>TV</th>\r\n			<td>N&atilde;o</td>\r\n		</tr>\r\n		<tr>\r\n			<th>Recursos de Chamada</th>\r\n			<td>Chamada R&aacute;pida,Video Confer&ecirc;ncia,Viva Voz</td>\r\n		</tr>\r\n		<tr>\r\n			<th>Outros Recursos</th>\r\n			<td>Aten&ccedil;&atilde;o: a c&acirc;mera n&atilde;o possui flash</td>\r\n		</tr>\r\n		<tr>\r\n			<th>Expansivo at&eacute;</th>\r\n			<td>MicroSD at&eacute; 32GB</td>\r\n		</tr>\r\n		<tr>\r\n			<th>Alimenta&ccedil;&atilde;o/Tipo de bateria</th>\r\n			<td>Portugu&ecirc;s, Ingl&ecirc;s, Espanhol</td>\r\n		</tr>\r\n		<tr>\r\n			<th>Conte&uacute;do da Embalagem</th>\r\n			<td>Telefone Dc Preto 8gb com Band Preta, Kit de Manuais, Fone de Ouvido Est&eacute;reo, Cabo para Sincronismo e Carregador de Parede</td>\r\n		</tr>\r\n		<tr>\r\n			<th>Dimens&otilde;es aproximadas do produto - cm (AxLxP)</th>\r\n			<td>12,9x 6,6x1,2cm</td>\r\n		</tr>\r\n		<tr>\r\n			<th>Peso l&iacute;q. aproximado do produto (kg)</th>\r\n			<td>140g</td>\r\n		</tr>\r\n		<tr>\r\n			<th>Garantia do Fornecedor</th>\r\n			<td>12 meses</td>\r\n		</tr>\r\n		<tr>\r\n			<th>Refer&ecirc;ncia do modelo</th>\r\n			<td>Motorola Moto E 2&ordf; Gera&ccedil;&atilde;o Dual Chip</td>\r\n		</tr>\r\n		<tr>\r\n			<th>Fornecedor</th>\r\n			<td>Motorola</td>\r\n		</tr>\r\n		<tr>\r\n			<th>SAC</th>\r\n			<td>(11) - 4004-4000 / 0800-124421</td>\r\n		</tr>\r\n	</tbody>\r\n</table>', 'S', 'motorola01.png', '');

-- --------------------------------------------------------

--
-- Estrutura da tabela `slideshow`
--

DROP TABLE IF EXISTS `slideshow`;
CREATE TABLE IF NOT EXISTS `slideshow` (
  `id_slideshow` int(11) NOT NULL AUTO_INCREMENT,
  `titulo` varchar(150) NOT NULL,
  `imagem` varchar(150) NOT NULL,
  `url` varchar(200) NOT NULL,
  `ativo` varchar(1) DEFAULT NULL,
  PRIMARY KEY (`id_slideshow`)
) ENGINE=InnoDB AUTO_INCREMENT=4 DEFAULT CHARSET=latin1;

--
-- Extraindo dados da tabela `slideshow`
--

INSERT INTO `slideshow` (`id_slideshow`, `titulo`, `imagem`, `url`, `ativo`) VALUES
(1, 'Curso loja virtual completa', 'banner02.png', 'lojacompleta', 'S'),
(2, 'Pendrive 16 GB', '02.png', 'produto/&p=10', 'S'),
(3, 'Notebook', '03.png', 'produto/&p=15', 'S');

-- --------------------------------------------------------

--
-- Estrutura da tabela `subcategoria`
--

DROP TABLE IF EXISTS `subcategoria`;
CREATE TABLE IF NOT EXISTS `subcategoria` (
  `id_subcategoria` int(11) NOT NULL AUTO_INCREMENT,
  `id_categoria` int(11) NOT NULL,
  `subcategoria` varchar(100) NOT NULL,
  `ativo_subcategoria` varchar(1) NOT NULL,
  PRIMARY KEY (`id_subcategoria`)
) ENGINE=InnoDB AUTO_INCREMENT=65 DEFAULT CHARSET=latin1;

--
-- Extraindo dados da tabela `subcategoria`
--

INSERT INTO `subcategoria` (`id_subcategoria`, `id_categoria`, `subcategoria`, `ativo_subcategoria`) VALUES
(2, 3, 'Motorola ', 'S'),
(4, 1, 'Alcatel ', 'S'),
(5, 1, 'Quantum', 'S'),
(6, 1, 'Microsoft ', 'S'),
(7, 1, 'Asus ', 'S'),
(8, 1, 'Multilaser', 'S'),
(9, 1, 'Sony', 'S'),
(10, 1, 'Positivo ', 'S'),
(11, 1, 'Nokia ', 'S'),
(12, 1, 'Apple ', 'S'),
(13, 1, 'Lenovo', 'S'),
(14, 2, 'Apple iPad', 'S'),
(15, 2, 'Kindle ', 'S'),
(16, 2, 'Lenovo ', 'S'),
(17, 2, 'Samsung ', 'S'),
(18, 2, 'Gradiente ', 'S'),
(19, 2, 'Positivo ', 'S'),
(20, 2, 'ASUS ', 'S'),
(21, 2, 'Acer ', 'S'),
(22, 2, 'Multilaser', 'S'),
(23, 2, 'DL', 'S'),
(24, 3, 'Placas de Som ', 'S'),
(25, 3, 'Processadores ', 'S'),
(26, 3, 'Placas-mãe ', 'S'),
(27, 3, 'Placa de vídeo (VGA)', 'S'),
(28, 3, 'Placas TV & Edição ', 'S'),
(29, 3, 'Modem (', 'S'),
(30, 3, 'Memória RAM ', 'S'),
(31, 3, 'Fontes ', 'S'),
(32, 3, 'Drives ', 'S'),
(33, 3, 'Disco Rígido (HD) ', 'S'),
(34, 3, 'Coolers ', 'S'),
(35, 4, 'Pen Drive ', 'S'),
(36, 4, 'Gabinetes ', 'S'),
(37, 4, 'Suprimentos ', 'S'),
(38, 4, 'WebCam ', 'S'),
(39, 4, 'Som & Acessórios', 'S'),
(40, 4, 'Teclado & Mouse', 'S'),
(41, 4, 'Mesa Digitalizadora', 'S'),
(42, 5, 'Computadores ', 'S'),
(43, 5, 'Servidores ', 'S'),
(44, 5, 'Scanners ', 'S'),
(45, 5, 'Impressoras ', 'S'),
(46, 5, 'Monitores ', 'S'),
(47, 5, 'Notebooks / Ultrabooks', 'S'),
(48, 6, 'Câmeras Digitais ', 'S'),
(49, 6, 'Cartões de memória', 'S'),
(50, 6, 'Filmadoras ', 'S'),
(51, 7, 'Playstation 3', 'S'),
(52, 7, 'Playstation 2', 'S'),
(53, 7, 'Nintendo DSI ', 'S'),
(54, 7, 'Nintendo Wii ', 'S'),
(55, 7, 'Playstation 4', 'S'),
(56, 7, 'Xbox ONE ', 'S'),
(57, 7, 'Xbox 360 ', 'S'),
(58, 7, 'Geek ', 'S'),
(59, 1, 'ZenFone', 'S'),
(60, 7, 'Joystick', 'S'),
(61, 7, 'Cadeira Gamer', 'S'),
(62, 0, 'Subcateg01', 'S'),
(63, 0, 'subcatergoria02', 'S'),
(64, 12, 'teste', 'S');

-- --------------------------------------------------------

--
-- Estrutura da tabela `venda`
--

DROP TABLE IF EXISTS `venda`;
CREATE TABLE IF NOT EXISTS `venda` (
  `id_venda` int(11) NOT NULL AUTO_INCREMENT,
  `id_cliente` int(11) DEFAULT NULL,
  `data_venda` date DEFAULT NULL,
  `pago` varchar(1) DEFAULT NULL,
  `forma_pagamento` varchar(200) DEFAULT NULL,
  PRIMARY KEY (`id_venda`)
) ENGINE=InnoDB AUTO_INCREMENT=22 DEFAULT CHARSET=latin1;

--
-- Extraindo dados da tabela `venda`
--

INSERT INTO `venda` (`id_venda`, `id_cliente`, `data_venda`, `pago`, `forma_pagamento`) VALUES
(1, 9, '2016-08-05', 'N', 'transferencia'),
(2, 9, '2016-08-05', 'N', 'transferencia'),
(3, 1, '2016-08-05', 'N', 'transferencia'),
(4, 10, '2022-04-12', 'N', 'transferencia'),
(5, 10, '2022-04-12', 'N', 'transferencia'),
(6, 10, '2022-04-12', 'N', 'transferencia'),
(7, 10, '2022-04-12', 'N', 'transferencia'),
(8, 10, '2022-04-12', 'N', 'transferencia'),
(9, 10, '2022-04-12', 'N', 'transferencia'),
(10, 10, '2022-04-12', 'N', 'transferencia'),
(11, 10, '2022-04-12', 'N', 'transferencia'),
(12, 10, '2022-04-12', 'N', 'transferencia'),
(13, 10, '2022-04-12', 'N', 'transferencia'),
(14, 10, '2022-04-12', 'N', 'transferencia'),
(15, 10, '2022-04-12', 'N', 'transferencia'),
(16, 10, '2022-04-12', 'N', 'transferencia'),
(17, 10, '2022-04-12', 'N', 'transferencia'),
(18, 10, '2022-04-12', 'N', 'transferencia'),
(19, 9, '2022-04-12', 'N', 'transferencia'),
(20, 9, '2022-04-12', 'N', 'transferencia'),
(21, 9, '2022-04-12', 'N', 'transferencia');
COMMIT;

/*!40101 SET CHARACTER_SET_CLIENT=@OLD_CHARACTER_SET_CLIENT */;
/*!40101 SET CHARACTER_SET_RESULTS=@OLD_CHARACTER_SET_RESULTS */;
/*!40101 SET COLLATION_CONNECTION=@OLD_COLLATION_CONNECTION */;
